grade,name,sector,ascents,fos_ratio,recommendations,stars
7a,Freedom is a Battle,Trebenna West,781,66 %,10 %,3
7a,Karınca,Magara,699,55 %,16 %,4
7b,Lycian Highway,Trebenna West,645,70 %,13 %,4
6b+,Saxafon,Sarkit,591,66 %,20 %,4
6b,Nirvana,Magara,589,78 %,10 %,3
7b+,Black Moon,Left Cave,568,36 %,20 %,4
6c+,Rocket Man,Left Cave,566,71 %,16 %,4
7a,Imagination,Sarkit,548,78 %,6 %,3
7b,Diplomarbeit,Trebenna West,516,30 %,17 %,4
7b,Rattle Snake Saloon,Trebenna West,515,42 %,10 %,3
7a,Terazi lastik jimnastik,Trebenna West,491,66 %,12 %,3
7a,Sucker Punched,Trebenna West,479,55 %,7 %,3
7c,No Money no dance,Trebenna West,461,56 %,13 %,4
7a,10 years anniversary,Magara,460,54 %,8 %,3
6c,Latte Tsunami,Trebenna West,446,72 %,7 %,3
7b,Greek Gift,Trebenna West,430,49 %,15 %,4
6b+,Turkish standard,Turkish Standard,424,75 %,16 %,4
6c+,Mission to Mars,Turkish Standard,416,71 %,11 %,3
7a,Bartabas,Mevlana,415,69 %,12 %,4
7a+,Amele,Magara,409,51 %,9 %,3
7a,Brazilia Carnaval,Alabalik,399,67 %,11 %,3
6a,Muhtar,Magara,393,88 %,4 %,3
7a,Sun express,Turkish Standard,374,68 %,17 %,4
6c+,Mevlana,Mevlana,374,72 %,10 %,3
7b,Toros,Poseidon,373,65 %,5 %,3
6b,Lu,Sarkit,368,75 %,9 %,3
7a,Camelita,Yilan,366,59 %,8 %,3
6b,Dumlupinar,Mevlana,365,87 %,6 %,3
7a,Big blind,Sarkit,363,58 %,8 %,3
7b+,Inner smile,Sarkit,357,33 %,12 %,4
7c,Yin Yang,Trebenna West,352,44 %,17 %,4
7a,Fight the butcher,Trebenna West,348,70 %,8 %,3
6b,Bizon,Sarkit,347,84 %,9 %,3
7a+,Ja Ja City,Sarkit,340,77 %,16 %,4
7b+,Pusht Bush,Sarkit,333,66 %,14 %,4
6c,Caf Caf,Sarkit,326,79 %,3 %,2
6c,Demavend,Poseidon,320,91 %,5 %,3
7a+,Zalia,Sarkit,311,60 %,6 %,3
6c,Rigolos,Ottoman,310,85 %,17 %,4
7b+,Sabotaj,Magara,308,56 %,7 %,3
7b+,Sabotaj,Magara,308,56 %,7 %,3
7a,Agustos Bocegi,Magara,305,59 %,8 %,3
7a,Karınca Adası,Ruzgarli Bahce,305,64 %,13 %,3
6b+,Halva,Alabalik,304,81 %,9 %,3
6a+,Maja,Trebenna West,301,79 %,4 %,3
6c+,Inquisition,Turkish Standard,299,61 %,11 %,3
6b+,Aquaplan,Trebenna West,296,75 %,8 %,3
6b+,Arkadan,Trebenna West,291,87 %,9 %,3
6a+,Pathfinder,Turkish Standard,288,87 %,5 %,2
6b,Aquaduct,Trebenna West,286,76 %,7 %,3
6b+,Triologie,Trebenna West,276,84 %,5 %,3
7b+,Melting souls,Sarkit,270,64 %,14 %,4
7b,Demir Kazık,Poseidon,262,61 %,9 %,3
6a,In the Night,Turkish Standard,258,91 %,5 %,3
6c,Antalya icin 747 nolu ucus,Mevlana,257,65 %,2 %,2
6c+,Semazen,Mevlana,256,70 %,12 %,4
7a,Crescendo,Mevlana,253,59 %,3 %,2
6a,Süt Cocugu,Sarkit,253,84 %,4 %,3
7a+,Life is what you choose,Trebenna West,252,46 %,16 %,3
7a,Seek and destroy,Anatolia,252,63 %,15 %,4
7a,Otolastik,Rüzgarli Bahçe,252,66 %,11 %,3
6c+,Colonist,Sarkit,250,78 %,16 %,4
7a+,Save planet kill yourself,Trebenna West,248,71 %,8 %,3
6c+,İn Ordan,Magara,247,53 %,8 %,3
6b+,Lycian Alpinist,Trebenna West,246,81 %,7 %,3
6c+,Eclipse,Trebenna West,245,74 %,10 %,3
6b,Waiting for holidays,Trebenna West,243,87 %,5 %,3
7c+,Junimond,Left Cave,243,26 %,10 %,3
6a+,Julia & Romeo,Turkish Standard,242,82 %,5 %,3
7a+,Şairlerin Sultanı,Barbarossa,240,78 %,6 %,3
6a+,Ya Sabir,Poseidon,240,91 %,12 %,4
7a,Orion,Küllüin,238,69 %,19 %,4
7b,Viagra cocugu,Sarkit,237,69 %,6 %,3
7b,Poseidon,Poseidon,237,46 %,13 %,3
6b,Luna park,Left Cave,237,76 %,3 %,2
8a+,Turkish Airways,Anatolia,236,8 %,17 %,4
7a,Efe Cemal,Küllüin,230,43 %,18 %,4
7a+,Little Big Wall,Poseidon,229,56 %,13 %,4
6c,Retsa,Sarkit,229,74 %,11 %,3
6c,Muskelkater,Anatolia,222,85 %,9 %,3
7b+,Back on funky planet,Sarkit,220,57 %,21 %,4
7a+,Nemo,Right cave,220,46 %,4 %,3
6b+,Fight the butcher,Trebenna West,219,74 %,5 %,2
7a,Hortum,Yilan,217,46 %,12 %,3
6a+,Revolverheld,Turkish Standard,215,85 %,5 %,3
7a+,Serbest stil,Alabalik,215,52 %,7 %,3
6b,Alabalik,Alabalik,214,86 %,9 %,3
7b,Rock republic,Mevlana,213,58 %,15 %,3
7b,Neptune,Poseidon,212,46 %,10 %,3
6b,Uçan Teneke,Magara,212,68 %,7 %,3
6a+,No Gearrr,Alabalik,211,90 %,4 %,3
6c,Samanyolu,Left Cave,209,74 %,13 %,3
8a,Sarkıt  Souls,Sarkit,209,30 %,12 %,4
7b+,Orient Express,Trebenna West,207,54 %,15 %,4
7b,L'homme à l'envers,Mevlana,206,71 %,22 %,4
7a+,Türkiye'ye,Mevlana,206,55 %,6 %,3
6a,King Crimson,Poseidon,204,90 %,7 %,3
6c,Bagdad café,Poseidon,202,70 %,8 %,3
7b,Pink power,Trebenna West,201,66 %,11 %,3
6b+,Takoz,Poseidon,199,78 %,7 %,3
7c,Ange de l'Oubli,Anatolia,198,26 %,6 %,3
6c,Gladutschki,Sarkit,198,76 %,4 %,3
6a+,Celik Kalp,Anatolia,198,87 %,4 %,3
7b,Uzun ihsan,Ruzgarli Bahce,197,37 %,24 %,4
8a,Trio de Ligoville,Mevlana,197,15 %,15 %,4
6c,Ipek Yolu,Poseidon,196,83 %,11 %,4
7c+,Pumping on big Mother's Breasts,Trebenna West,195,12 %,14 %,4
7b,Blue Hotel,Mevlana,191,52 %,13 %,4
5c,Barbarossa,Barbarossa,191,88 %,22 %,4
6b+,Happy Hilty,Trebenna West,189,67 %,4 %,2
6c+,Trebenna,Trebenna West,189,66 %,13 %,4
6b+,Adka Özlem,Turkish Standard,188,88 %,9 %,3
6c,Easy day,Turkish Standard,188,72 %,12 %,3
6b,Asat,Küllüin,188,79 %,12 %,3
7a+,Poker Face,Sarkit,187,58 %,7 %,3
7b,Matbaim,Trebenna West,186,88 %,12 %,3
6a,Crying Boy,Magara,185,85 %,2 %,2
7c,Selamın Aleyküm,Magara,185,28 %,15 %,4
8a,Plastik Fantastik,Magara,183,12 %,9 %,3
6b+,Jass Party,Ottoman,181,86 %,7 %,3
6a+,Yilan,Yilan,180,88 %,6 %,3
7a+,Psycho Shepherd,Sarkit,180,59 %,6 %,4
7b+,Geyikbayırı Games,Sarkit,178,45 %,10 %,4
7c,In memory of Giovanni Quirici,Mevlana,173,24 %,20 %,4
7a,Sakiznine,Trebenna West,173,76 %,9 %,3
6c,Tenten konglomera'da,Mevlana,173,84 %,2 %,2
6b+,Stalaktosaurus,Alabalik,172,67 %,17 %,4
7a,Bizim Canimiz Yanmaz Gardas,Trebenna West,171,78 %,8 %,3
6b,Hadi Git,Left Cave,171,77 %,8 %,3
7c,Tele Tabbia Tanja,Trebenna West,170,49 %,6 %,3
7a+,Hayrat,Küllüin,169,72 %,6 %,3
8a,Richtfest,Trebenna West,169,21 %,13 %,4
7b+,River dance,Alabalik,169,36 %,16 %,4
7b,Toxic Gravity,Left Cave,169,18 %,4 %,3
6c+,Dirty Diana,Küllüin,165,38 %,10 %,3
6a,Marmara,Ottoman,165,91 %,2 %,3
7c,Mevlana,Mevlana,165,42 %,13 %,4
5c,Phallus diaboli,Trebenna West,164,74 %,4 %,3
7a+,Euro 7,Koridor,164,52 %,16 %,4
8a+,Ikarus,Trebenna West,162,10 %,6 %,3
6a,Spider Solitaire,Ottoman,161,92 %,3 %,3
7b,Müren,Mevlana,160,36 %,11 %,3
7b,Pathfinder,Turkish Standard,159,33 %,4 %,3
7a,Fire Spire,Dragon,159,76 %,5 %,3
6b+,Lucky Punch,Yilan,159,80 %,8 %,3
6a+,Working Class,Sarkit,158,80 %,0 %,2
5c,Piano hands,Turkish Standard,157,85 %,5 %,3
7a+,Monkey Mafia,Turkish Standard,155,33 %,7 %,3
7a+,Biber,Koridor,154,35 %,11 %,4
6a,Sems'in Ruhu,Ottoman,152,95 %,3 %,3
7a,Mezoterapi,Küllüin,152,59 %,13 %,3
7c,Finger prostitution,Sarkit,151,62 %,6 %,3
7b,Big Turkey,Poseidon,151,62 %,12 %,4
7a+,Dropzone,Yilan,151,54 %,5 %,3
6c,Drill instructor,Sarkit,150,80 %,9 %,3
6b+,Sirdan Dolmasi,Sarkit,150,73 %,6 %,3
7b,Mum Isiginda Yemek (Sag/right),Magara,149,38 %,10 %,3
6c+,Into the wild,Trebenna West,148,60 %,10 %,3
7b+,Yury Baba,Koridor,148,42 %,18 %,4
7c,Nasenbar,Trebenna West,147,40 %,20 %,4
6b,Hürrem Sultan,Barbarossa,147,83 %,5 %,3
6b+,Gangster braut,Turkish Standard,147,67 %,8 %,3
6b,Flying Dutchman,Rüzgarli Bahçe,146,86 %,10 %,3
7c,Be yourself,Trebenna West,144,45 %,13 %,4
6c,Akintiya Karsi Yüzmek,Alabalik,144,84 %,13 %,3
7c,Skyline,Sarkit,143,35 %,17 %,4
5c,Flower Tower,Trebenna West,142,86 %,8 %,3
6c+,Yagmur Duasi,Sarkit,142,80 %,16 %,4
6b+,Mum isiginda yemek (sol/left),Magara,141,79 %,4 %,2
7c,Boys are back in town,Mevlana,141,18 %,16 %,4
7c+,Perseus,Left Cave,140,17 %,11 %,4
7a+,Da Vinci Mode,Mevlana,140,76 %,7 %,3
7a+,Dejenerasyon,Rüzgarli Bahçe,138,54 %,17 %,3
7b+,La vie en rose,Trebenna West,135,56 %,10 %,4
5c,Alex Köhler Memorial,Left Cave,134,71 %,5 %,3
6c+,Ruzgarli Bahce,Ruzgarli Bahce,133,74 %,14 %,3
6b,24 M Chrono,Alabalik,133,90 %,12 %,3
6c,Kelebegin Rüyasi,Alabalik,132,80 %,13 %,4
6b+,L'Empire Contre Attaque,Ottoman,132,90 %,7 %,3
6a,Tric tric trac,Right cave,131,90 %,2 %,2
6b,Happy Birthday Tobi,Right cave,130,78 %,14 %,3
6b,Crying girl,Magara,130,69 %,2 %,2
7c+,Okrimono,Sarkit,130,46 %,9 %,4
5c,Kara Kemer,Left Cave,130,77 %,10 %,4
6a+,Mogli,Right cave,129,80 %,2 %,2
7c+,Flat Rate,Sarkit,129,25 %,5 %,3
7a+,Beyaz Sahin,Echoes,128,41 %,18 %,4
7a+,L'Empire Ottoman,Ottoman,128,61 %,13 %,4
6c,Ce n'est pas possible,Rüzgarli Bahçe,128,59 %,20 %,4
6a,Tas Ocagi,Ottoman,127,94 %,7 %,3
6c+,Siri birthday project,Turkish Standard,127,65 %,20 %,4
6a+,Mountain Gay,Left Cave,126,87 %,10 %,3
7a,Dragonfly,Dragon,126,72 %,11 %,3
6c+,Patlican,Koridor,126,64 %,15 %,4
8a+,Family Affair,Left Cave,126,6 %,10 %,4
6b+,Banana Monster,Dragon,125,84 %,2 %,3
7c+,Animasyon otomatik,Rüzgarli Bahçe,125,6 %,21 %,4
8a,Monkey Business,Rüzgarli Bahçe,123,7 %,28 %,4
6b+,Comfortably,Echoes,123,87 %,11 %,3
7a,Zapfenstreich,Turkish Standard,122,35 %,6 %,3
7a,Zapfenstreich,Turkish Standard,122,35 %,6 %,3
7a+,Geyikbayiri Gençlik,Küllüin,122,43 %,7 %,3
6c,Tuzdede,Trebenna West,120,69 %,9 %,3
7b+,Legende Einer Leidenschaft,Dragon,118,56 %,14 %,3
6b,Totos,Dragon,118,88 %,9 %,3
7c,Arsenik,Kanyon,118,20 %,10 %,3
6c+,Don't eat my house,Trebenna West,118,77 %,9 %,3
7b+,Duracell,Trebenna West,117,56 %,12 %,4
6c,Ala Daglar,Ottoman,117,88 %,9 %,3
7c,Anaconda,Trebenna West,117,33 %,17 %,4
7b+,Küllüin,Küllüin,116,14 %,13 %,3
6c+,Mezarlarınıza Tükürücem,Anatolia,116,85 %,12 %,4
8a,Chain Erection,Alabalik,116,11 %,16 %,4
7c+,No more Mr. Nice Guy,Echoes,116,18 %,9 %,4
7c,Too big to fall,Echoes,116,28 %,7 %,4
8a,Local Tourist,Sarkit,115,17 %,11 %,4
6a,3 oda 1 salon,Küllüin,115,85 %,5 %,3
6a+,Session of happiness,Anatolia,115,86 %,4 %,3
6c+,Noel Baba,Poseidon,115,74 %,7 %,3
5a,Gey-ik,Magara,114,88 %,3 %,3
7b+,Sloper poker,Alabalik,113,25 %,4 %,2
7b,Yarasa ol,Alabalik,110,36 %,13 %,4
6b,L'homme à l'envers,Alabalik,110,86 %,7 %,3
6b,Keine Trane,Ruzgarli Bahce,110,91 %,11 %,3
5c,Souvenir Malgache,Barbarossa,109,91 %,0 %,3
8a+,Freedom is a Battle,Trebenna West,109,13 %,12 %,4
6c,Kakut,Poseidon,109,75 %,9 %,3
7a,Jungle Speed,Alabalik,108,55 %,5 %,2
8a,Kleopatra,Alabalik,108,7 %,12 %,4
7c,Tenten konglomera'da,Mevlana,107,34 %,4 %,3
8a+,Colonist,Sarkit,106,18 %,14 %,4
6c+,SBP,Turkish Standard,105,67 %,5 %,3
7a+,Explorer,Ottoman,105,41 %,6 %,3
7a+,Climb on Work Later,Alabalik,105,57 %,16 %,3
7b,Asocial Distance,Koridor,105,47 %,14 %,4
7b,Pipis & Popos,Turkish Standard,104,32 %,10 %,3
7a+,Ramin/Bird of Pray,Magara,104,78 %,2 %,3
6b+,Star Wars,Küllüin,103,73 %,7 %,3
8a+,Süpernova,Left Cave,102,5 %,10 %,4
6a+,Choreographie violente,Trebenna West,101,86 %,6 %,2
6c+,Chili con Pillar,Alabalik,100,77 %,7 %,3
6a+,Big Things,Alabalik,100,84 %,18 %,3
8a,Flame of Fame,Trebenna West,100,7 %,4 %,3
6b,Renotoros,Ottoman,100,85 %,6 %,3
7a,Fisherman's Friend,Alabalik,100,56 %,13 %,3
7b,Poseidon Tavan,Poseidon,99,54 %,6 %,3
6a+,Mukata,Ottoman,99,89 %,3 %,3
6a+,Claudia Rosi,Kebap,99,83 %,4 %,3
7a+,Flower Tower,Trebenna West,99,71 %,3 %,3
6a,Baby Bat,Alabalik,99,84 %,8 %,3
7c+,Leon,Trebenna West,99,12 %,5 %,3
6c+,Anatolian highway,Anatolia,98,87 %,12 %,3
6a,Zauberflöte,Heart,97,76 %,6 %,3
6a,Star line,Trebenna West,96,83 %,15 %,4
5a,Firtina,Turkish Standard,96,94 %,3 %,3
7b+,Gretel,Trebenna West,94,34 %,5 %,3
6a,Lycian Highway,Trebenna West 4,93,85 %,25 %,4
6c+,N.N.,Unknown Sector,92,63 %,1 %,4
7a+,Kabil'in Ucurtmalari,Alabalik,92,54 %,8 %,3
5a,Havensgate,Left Cave,92,90 %,7 %,3
5a,Havensgate,Left Cave,92,90 %,7 %,3
6b,Pijama Party,Anatolia,92,86 %,5 %,3
6a+,Nomad,Küllüin,92,85 %,2 %,3
7a,Eneco's last dance,Trebenna West,91,55 %,9 %,4
8b,Olympos Games,Sarkit,90,20 %,8 %,4
6c+,Kapt‘n Kirk,Anatolia,90,81 %,8 %,3
6a+,Amelos,Küllüin,90,94 %,7 %,3
5c,Oh la la,Trebenna West,89,91 %,6 %,2
6b+,Kovboy Kahvesi,Küllüin,89,72 %,7 %,3
6a,Africa,Küllüin,88,83 %,5 %,2
6a,Dame de pique,Ottoman,88,84 %,2 %,3
6a,Bone bridge,Trebenna West,88,84 %,13 %,3
7b+,"Too old to rock'n'roll, too young to die",Küllüin,87,30 %,23 %,4
7a,Red hot chilli peppers,Anatolia,87,52 %,2 %,2
7a+,Padisahlik son,Barbarossa,87,49 %,8 %,3
7a,Halifenin Yerindeki Halife,Barbarossa,87,71 %,8 %,3
7c,Into the wild,Trebenna West,86,48 %,6 %,3
7a,Due Stazioni,Alabalik,85,55 %,8 %,3
7b+,Fenster mit aussicht,Güzel Manzara,85,41 %,6 %,3
7c,First Klaas,Yilan,85,28 %,17 %,4
7c+,Parallel universe,Alabalik,85,22 %,26 %,4
6b,Aramis,Koridor,85,91 %,7 %,3
6b,Marla,Koridor,85,86 %,14 %,3
6b,Dedikodu,Kebap,84,82 %,5 %,3
6c+,Fat Burner,Kanyon,83,54 %,19 %,4
7a,Nothingman,Kanyon,83,47 %,16 %,3
7a,Finger Food,Alabalik,82,52 %,10 %,2
6a+,Ranger travel,Trebenna West,82,82 %,1 %,2
7a+,Ahtapot,Dragon,82,54 %,11 %,4
6a,Pembe Hayaller,Alabalik,82,87 %,6 %,3
7b,Montenegro,Mevlana,82,29 %,17 %,3
7c,Jack Daniels,Koridor,82,20 %,17 %,4
7a,Uyuni,Patagonia,82,79 %,13 %,3
5b,Ausflipper,Right cave,82,93 %,2 %,2
7c+,Les Couleurs de l'eau,Alabalik,81,19 %,7 %,3
6b,Yüzüncü Trebenna,Trebenna West,81,86 %,12 %,3
6b+,Sultanahmet,Left Cave,81,90 %,17 %,3
7c,three happy three friends,Alabalik,81,59 %,27 %,4
6b+,Hadi Predel,Yilan,80,86 %,10 %,4
7c,Black Sabbath,Trebenna West,80,26 %,14 %,3
6b,Hansel,Trebenna West,80,71 %,4 %,3
7a+,Hayat çok uzun,Anatolia,79,71 %,4 %,3
7c+,Fun in the Sun,Mevlana,78,31 %,8 %,4
8a+,Poseidon Tavan,Poseidon,78,8 %,9 %,3
7b+,Try to enjoy,Anatolia,77,49 %,9 %,4
7c+,Raki on the rocks,Trebenna West,76,17 %,13 %,4
6a,Pink Panther,Trebenna West,76,75 %,8 %,3
7b,Judas,Trebenna West,76,55 %,11 %,3
6b,Döngel Müzikhol,Yilan,76,90 %,8 %,3
8a,Metallica,Akdeniz,76,9 %,20 %,4
6b,12 Monkeys,Gizmo,75,75 %,8 %,3
6a,Pianist,Right cave,75,79 %,4 %,3
8a,Daddy Cool,Anatolia,75,15 %,13 %,4
6a+,Pardon,Koridor,75,96 %,12 %,3
6a+,Save the planet kill yourself,Trebenna West,75,85 %,11 %,3
5c,Butterfly Boulevard,Alabalik,74,81 %,8 %,2
6c+,Nagelstudio Stereo,Güzel Manzara,73,88 %,3 %,3
6b+,empire Byzantine,Ottoman,73,86 %,3 %,3
7b,Showdown,Yilan,73,14 %,6 %,3
7b,Love Hurts,Echoes,73,45 %,10 %,4
7b,Domates,Koridor,73,32 %,15 %,4
7b+,New Fucking Generation,Rüzgarli Bahce Right,73,40 %,15 %,4
6a+,Big in Japan,Küllüin,73,90 %,4 %,3
7a+,Gossip,Turkish Standard,72,38 %,1 %,3
7a,Pasa,Barbarossa,72,65 %,1 %,3
7c+,High Hopes,Sarkit,72,49 %,3 %,3
5c,Sincap,Right cave,72,93 %,4 %,3
7b,Bakthi yoga,Mevlana,72,50 %,15 %,3
7c,Otuzbir,Anatolia,72,49 %,14 %,4
6b+,Mustapha et les Mustaphettes,Barbarossa,72,83 %,4 %,3
8a,Dog Wars,Alabalik,72,14 %,11 %,3
7b+,High voltage,Güzel Manzara,71,49 %,9 %,3
5c,Tapu Kadastro,Küllüin,71,83 %,7 %,3
5c,Festival,Barbarossa,71,87 %,4 %,3
6a,Çikomigro,Dragon,71,93 %,3 %,3
6b,Global warming,Left Cave,70,86 %,3 %,3
6b+,Uckagitci Ask,Sarkit,70,67 %,4 %,3
5c,Birthday Girl,Kebap,69,93 %,4 %,4
6b,Beyaz gelin,Ottoman,69,90 %,6 %,3
6a,Schachmatt,Dragon,68,85 %,3 %,3
8b,Over the top,Sarkit,68,4 %,27 %,4
6b,El Nino,Yilan,68,93 %,13 %,3
7b+,S-Klasse,Trebenna West,68,44 %,9 %,4
8a,Milestone,Anatolia,68,12 %,12 %,4
6a,Miss Piggy,Kanyon,68,87 %,6 %,3
6c+,Maa Croob,Alabalik,68,68 %,15 %,3
6b,Aorta,Heart,68,79 %,6 %,3
6c,Es Sahhaf,Ottoman,67,72 %,9 %,2
7b+,Pompei,Echoes,67,24 %,10 %,4
5b,Lola,Right cave,67,88 %,2 %,3
7c,Blocage orange,Right cave,67,15 %,5 %,2
5a,Cosmic Girl,Sarkit,67,82 %,3 %,3
6a+,Kermit,Kanyon,67,81 %,15 %,3
7a,Locki,Anatolia,67,76 %,6 %,3
6c,Angel Wing,Küllüin,66,68 %,5 %,3
6a+,N.N.,Anatolia,65,86 %,2 %,2
8a,Come as you are,Mevlana,65,23 %,8 %,3
5a,Meltim,Turkish Standard,65,91 %,6 %,4
6b+,Hart aber Herzlich,Heart,65,68 %,14 %,4
7c+,Özlem,Alabalik,64,25 %,17 %,4
6b,Iron man,Alaaddin,64,95 %,11 %,3
5b,Escape,Kebap,64,89 %,6 %,3
7b+,Mission to Mars L2,Turkish Standard,64,44 %,2 %,3
5c,Achtung Baby,Ottoman,64,92 %,2 %,2
8a,Quantum Gigantum,Güzel Manzara,63,48 %,10 %,4
5b,Silvie's secret,Right cave,63,81 %,2 %,2
7c,Cross Fit,Koridor,63,18 %,10 %,4
6a+,Halifenin Yerindeki Halife,Barbarossa,62,89 %,7 %,3
6b,Sheep in the keep,Alabalik,62,77 %,3 %,2
7b,Deli Ziya,Echoes,62,45 %,13 %,4
7a+,Bariloche,Patagonia,61,38 %,23 %,4
6b+,Ashman,Magara,60,70 %,0 %,2
5c,Daft Punk,Küllüin,60,97 %,7 %,3
6b,Tattoo,Mevlana,60,65 %,0 %,2
5c,Abracadabra,Ottoman,59,93 %,2 %,2
8a+,Neptunalia,Alabalik,59,5 %,20 %,4
6a+,dude,Cesme,59,73 %,2 %,3
7a+,Kent FM,Ruzgarli Bahce,59,64 %,20 %,4
6b+,Little miss sunshine,Sarkit,59,92 %,5 %,4
6a,Alaaddin'in lambasi,Sarkit,59,88 %,3 %,3
6a,Alaaddin'in lambasi,Sarkit,59,88 %,3 %,3
7a+,Planet Of The Apes,Echoes,59,49 %,12 %,4
6c,Klakson,Cesme,58,86 %,3 %,3
6a,Big Wallhalla,Güzel Manzara,58,85 %,0 %,2
6a,Tosun pasa,Kebap,58,85 %,3 %,3
5c,Zeitgeist,Küllüin,58,93 %,7 %,3
6a,Alaaddin,Alaaddin,58,97 %,2 %,2
6c+,Ce n'est pas bleau,Rüzgarli Bahçe,58,62 %,14 %,3
7b+,No remorse,Echoes,58,16 %,12 %,3
6c+,Alexander The Great,Küllüin,57,63 %,4 %,3
6b+,Schachmatt,Dragon,56,86 %,9 %,3
6b+,Sincap Yolu,Kebap,56,70 %,9 %,3
6b,Love and hate,Cesme,56,77 %,16 %,3
7a+,Oktos,Poseidon,56,68 %,4 %,3
7c,Out of control,Trebenna West,56,25 %,14 %,3
7a+,Jaja City,Sarkit,56,88 %,16 %,4
7c,Elbe,Anatolia,56,20 %,9 %,3
6a,Yengec,Kebap,55,84 %,6 %,3
5c,Bibi bloxberg,Heart,55,91 %,2 %,3
7a+,Flight 666,Ottoman,55,64 %,13 %,4
8a,Kara Elmas,Echoes,55,16 %,27 %,4
6b+,Imagination,Sarkit Sol,55,64 %,2 %,3
5c,Sky window,Alabalik,54,94 %,6 %,4
7a,Geyikbayiri Getto,Küllüin,54,57 %,11 %,3
7a+,Flintstone,Anatolia,54,72 %,2 %,3
7a+,Oje,Poseidon,54,50 %,4 %,3
6b+,Brio de Flamenco,Barbarossa,54,91 %,4 %,3
7c+,Dyonisos,Poseidon,54,24 %,7 %,3
7a,Moby's dick,Anatolia,53,55 %,6 %,3
6c,Unter storm,Left Cave,53,79 %,11 %,3
7c,Punisher,Echoes,53,36 %,11 %,4
5c,Solero,Alabalik,53,89 %,2 %,2
5c,Welcome Baby,Ottoman,53,91 %,2 %,3
6a,In Der Bewegung Liegt Die Kraft,Heart,53,77 %,2 %,3
7a+,Noir Desir,Ottoman,52,52 %,2 %,3
6c,Life is good,Dragon,52,87 %,14 %,4
6b,Kolay Gelsin,Yilan,52,90 %,8 %,3
6c+,Air and Style,Anatolia,52,69 %,8 %,3
7a,Yorma beni,Sarkit,51,80 %,2 %,3
7a,Sheep direct,Alabalik,51,49 %,2 %,2
7b+,Rodeo on black,Trebenna West,51,45 %,8 %,3
7a,Willy Wancker,Trebenna east,51,78 %,4 %,3
6b,Adalet,Koridor,51,78 %,16 %,3
7a,Arabesk,Anatolia,51,65 %,6 %,3
6a+,Kaktüs,Cesme,50,94 %,4 %,3
7c,Gizmo,Anatolia,50,34 %,6 %,4
7c,Rocket woman,Left Cave,50,24 %,4 %,2
6a+,Tak Tak Coban,Geyik,50,72 %,4 %,3
6b,Atacama,Patagonia,50,82 %,10 %,2
6a,Jasmina,Alaaddin,50,94 %,0 %,3
6a+,Hotzenplotz,Heart,50,84 %,6 %,4
6a+,Poposuda Rock'n Roll,Heart,49,88 %,10 %,2
8b,Losing My Religion,Trebenna West,49,0 %,16 %,4
6a,N.N.,Anatolia,49,92 %,0 %,2
6b,cristal cragg,Magara,49,84 %,14 %,4
6a+,69,Kanyon,48,46 %,8 %,2
6a+,Turntablerocker,Heart,48,73 %,10 %,4
7a,Never Kiss a Dog,Gizmo,48,38 %,0 %,2
4a,Kinetic Koncert,Left Cave,48,92 %,4 %,2
7b+,Kap Horn,Trebenna east,48,42 %,25 %,4
7b,Nar Bahcesi,Alabalik,48,54 %,6 %,3
8a+,Troja,Trebenna West,47,17 %,4 %,3
6c,Tiger touches sky,Küllüin,47,62 %,13 %,4
7a+,Downpour,Dragon,47,70 %,0 %,3
7a+,Spanish Thanks Giving,Alabalik,47,64 %,19 %,4
7a,Akupunktur,Koridor,47,75 %,23 %,4
7c,Psycho killer,Sarkit,46,30 %,9 %,3
7b+,Boltların Efendisi,Kanyon,46,15 %,7 %,3
6a+,La porte des Pondes,Toki,46,87 %,7 %,3
5c,Gin and Tonic,Küllüin,46,87 %,9 %,3
5a,Cekomastik Silikon,Kebap,45,89 %,2 %,4
7a+,Vanilla Sky,Ottoman,45,64 %,16 %,4
7a+,Kan Izi,Yilan,45,38 %,2 %,3
6b+,Dream On,Alaaddin,45,87 %,18 %,4
7b+,Tarzan,Koridor,45,31 %,13 %,3
7c+,Sheep in sheeps clothing,Trebenna West,44,21 %,7 %,4
6a,Citywatch,Güzel Manzara,44,75 %,2 %,4
6b+,Red Attack,Magara,44,61 %,0 %,2
7a+,Harput,Küllüin,44,39 %,7 %,3
5c,Lycian Alpinist,Trebenna West 4,44,73 %,7 %,3
7a,Triologie,Trebene,44,73 %,16 %,3
6c+,Zen Attitude,Mevlana,43,67 %,5 %,3
7c+,White Spirit,Sarkit,43,26 %,5 %,4
7a,Echoes of the Andes,Echoes,43,67 %,5 %,3
6c+,El Chalten,Patagonia,43,72 %,12 %,3
7c+,Sucker Punched,Trebenna West,42,19 %,2 %,3
5c,Henkelei,Alabalik,42,98 %,2 %,3
7b+,Kaybedenler Klübü,Rüzgarli Bahce Right,42,45 %,17 %,4
6b,Mr. What What,Yilan,42,81 %,10 %,3
7b+,Jose Bove,Akdeniz,42,21 %,7 %,3
6a,Sairlerin Sultani,Barbarossa,42,88 %,7 %,3
5b,Burkini,Küllüin,41,93 %,5 %,3
6a+,Birt,Kanyon,41,71 %,10 %,3
6c+,After Party,Küllüin,41,46 %,7 %,3
6a+,Dorothy,Patagonia,41,90 %,10 %,3
5c,Ayasofya,Alaaddin,41,93 %,2 %,3
6c,Siesta,Sarkit,41,81 %,10 %,3
6c+,Broken Tufa,Küllüin,41,63 %,5 %,3
5b,Firestarter,Left Cave,41,95 %,2 %,3
7a,N.N. (2b),Küllüin,40,38 %,5 %,2
6a+,Brandia Rossa,Rüzgarli Bahçe,40,88 %,5 %,2
6a,Bedelli,Koridor,40,95 %,20 %,4
7b+,Maymun salincagi,Right cave,40,38 %,0 %,3
7b,Krakov,Mevlana,39,44 %,3 %,3
6a,Magic Dice,Gizmo,39,90 %,5 %,2
7a+,Çot kereste,Küllüin,39,51 %,15 %,3
6c,Kiyir Kiyir,Geyik,39,77 %,3 %,2
5c,Pan,Küllüin,39,87 %,3 %,3
5b,Lila launabar,Trebenna West,39,85 %,8 %,3
6c,Toki,Toki,39,72 %,10 %,3
6a+,No Reservations,Küllüin,39,95 %,3 %,3
6a,Lost in time,Cesme,38,84 %,5 %,3
6c+,No woman no cry,Trebenna West,38,79 %,21 %,3
5a,Chupi,Anatolia,38,82 %,3 %,3
5b,Boneless,Küllüin,38,92 %,5 %,3
6c,Juvinal,Patagonia,38,71 %,34 %,4
6b,Manyana,Patagonia,38,84 %,11 %,4
7a+,Kartal Yuvası,Ruzgarli Bahce,38,42 %,13 %,3
6a+,Dirty Dancing,Alaaddin,38,84 %,3 %,3
6c+,Sado mazo,Anatolia,38,84 %,0 %,2
6a,Alice in Wunderland,Güzel Manzara,37,68 %,3 %,3
6c,Cen'est pas possible,Ruzgarli Bahce,37,76 %,3 %,3
7b+,Dio,Barbarossa,37,32 %,14 %,4
7a,Flying is Fun,Deli Kasap,37,51 %,3 %,4
5c,Sex Pistols,Barbarossa,37,81 %,0 %,3
5c,Nachtschicht,Gizmo,37,78 %,5 %,3
6b+,The Passenger,Anatolia,37,70 %,3 %,1
6b,Hobbit,Küllüin,37,87 %,16 %,3
6a+,İp Mafyası,Koridor,37,84 %,8 %,3
8a+,Truth Hurts,Anatolia,36,14 %,8 %,4
5b,Second Live,Trebenna West,36,83 %,6 %,3
7a,el rostollet,Sarkit,36,67 %,8 %,2
7a,Hadi Hadi,Top Alanı,36,75 %,11 %,4
6a+,Bolivya,Patagonia,36,92 %,8 %,3
6a+,Brazil Carnaval,Barbarossa,36,94 %,3 %,3
8a+,Hydrofusion,Trebenna West,36,8 %,14 %,3
6a+,Aman Aman,Geyik,36,67 %,3 %,2
6a+,Cristal crag,Sarkit,35,80 %,14 %,4
7a,Atlas,Külüin Terras,35,71 %,0 %,3
8a+,No Country for Old Man,Echoes,35,0 %,23 %,4
7b,Kara Yilan,Anatolia,35,60 %,3 %,3
6b+,Cliff Burton,Barbarossa,35,71 %,6 %,4
7b+,horny horse,Trebenna West,34,21 %,15 %,3
6c+,Gekko Kebap,Kebap,34,47 %,9 %,3
7a+,Bermuda Preieck,Trebenna east,34,56 %,3 %,3
6c,East End,Trebenna east,34,77 %,24 %,4
5b,3D Channel,Küllüin,34,91 %,9 %,5
6c+,Waiting for Holidays - extension,Trebenna West 2,34,85 %,9 %,3
6b+,Pers arjantin,Akdeniz,34,88 %,18 %,4
7c,Black elephant,Trebenna east,34,41 %,3 %,3
6c,Bebe Biskuvi,Akdeniz,34,68 %,3 %,3
6a+,Ball Paradox,Gizmo,33,85 %,12 %,4
6a+,Avec Vue Sur La Mer,Trebenna West,33,85 %,12 %,3
8b,Luke Skywalker,Sarkit,33,9 %,6 %,3
8a,Saykodelikdeşik,Küllüin,33,0 %,18 %,4
7c+,Arc teryx,Alabalik,33,15 %,6 %,4
6a+,Blaupause,Yenicay,32,88 %,0 %,2
6c+,King fishers,Deli Kasap,32,56 %,9 %,2
7a+,Flohwalzer,Heart,32,88 %,13 %,3
5a,Etik,Geyik,32,75 %,0 %,2
5a,Nightscapes,Trebenna West,32,88 %,13 %,4
6c,Zlatni Dukat,Toki,32,50 %,16 %,4
6c+,Rüzgarlı Bahçe,Rüzgarli Bahçe,32,81 %,13 %,4
8a,Katil kim,Akdeniz,32,9 %,25 %,4
7b,Personal Jesus,Top Alanı,32,59 %,6 %,4
6b,Tufan Age,Alaaddin,32,84 %,6 %,3
7b+,Bonanza,Cesme,32,38 %,19 %,4
6c+,Altin Kizlar,Top Alanı,32,66 %,22 %,4
7a+,empire Byzantine,Ottoman,32,75 %,6 %,3
6a,Michi,Michi,31,84 %,10 %,3
7a+,Ach War Ich Doch...,Yilan,31,55 %,7 %,3
5c,Westend,Trebenna West,31,87 %,13 %,3
8a+,Boncuk power,Trebenna West,30,10 %,3 %,3
7b+,Ihlamur,Trebenna east,30,37 %,30 %,4
5c,5 eichhornchen,Küllüin,30,100 %,0 %,2
7a+,Masallah,Dragon,30,57 %,7 %,3
7a+,Red Tank,Trebenna east,30,63 %,3 %,3
7a+,monte cucco,Echoes,30,43 %,7 %,3
6a,schach matt,Dragon,30,80 %,20 %,4
6b,Unbreakable,Alaaddin,30,97 %,0 %,3
6b,code for ethics,Top Alanı,30,77 %,23 %,4
6c+,Heroes go left,Alabalik,29,38 %,0 %,3
7c+,Cut Looser,Küllüin,29,10 %,41 %,4
7c+,Belladonna,Koridor,29,10 %,14 %,4
6b,Ramin,Magara,29,52 %,3 %,2
6a+,Gremlin's Edge,Heart,28,96 %,4 %,3
5c,Babylon,Geyik,28,100 %,4 %,3
6b+,Osterweiterung,Heart,28,54 %,7 %,3
6b+,Wild Child,Alaaddin,28,82 %,11 %,3
6a+,Strawberry Fields,Sincap,28,93 %,7 %,3
6b,Hobbitt,Teras Right,28,82 %,11 %,4
6c+,T.H.C.,Trebenna east,28,43 %,14 %,3
6b,Fake Alpinist,Toki,28,96 %,11 %,3
6c+,Squirrel Nut Zippers,Akdeniz,28,86 %,7 %,4
5a,Sakson stili,Cesme,27,82 %,4 %,4
5c,Pablo escobar,Küllüin,27,96 %,0 %,3
8b+,Sarpedon,Trebenna West,27,0 %,11 %,4
6a+,Overdose,Geyik,27,89 %,4 %,4
6a,muzmin bekar,Ottoman,27,100 %,0 %,3
7b+,three happy three friends,Alabalik balkon 4,27,48 %,11 %,4
7a+,Blood Sweat and Tears,Gizmo,27,96 %,7 %,3
7a+,Günah Yuvası,Ruzgarli Bahce,27,59 %,7 %,3
7c,Patagonia,Patagonia,27,11 %,19 %,4
6b,Rocket Pie,Trebenna east,27,93 %,11 %,3
7a,Sapiens,Mevlana,27,37 %,11 %,4
7a,Code of conduct,Top Alanı,27,37 %,19 %,4
7a,Desire,Cesme,26,81 %,12 %,4
6c+,Big Wallhalla,Güzel Manzara,26,96 %,8 %,4
7b+,Red Dragon,Dragon,26,19 %,12 %,4
8a+,Bloody Knuckles,Alabalik,26,4 %,12 %,4
7a,Scorpion,Gizmo,26,46 %,4 %,3
8a,Corridors of Madness,Koridor,26,4 %,19 %,4
6c+,Semazen,Ottoman,26,58 %,31 %,4
6b+,KAYIP DUNYA,Toki,26,89 %,8 %,3
6c,Bye Bye George,Geyik,26,81 %,8 %,4
6b,Lanet,Echoes,26,81 %,4 %,3
6c,Action type,Ottoman,26,69 %,8 %,3
8a,Metronom,Echoes,26,4 %,8 %,4
5c,Athos,Koridor,26,89 %,8 %,3
8b,Happy End,Trebenna West,25,4 %,4 %,4
6c+,Ranger Travel,Trebenna West Orta,25,64 %,12 %,3
6c,fiesta,Magara,25,100 %,8 %,4
6a,Die Mach Ich,Gizmo,25,80 %,16 %,4
6a+,Micha,Geyik,25,68 %,0 %,2
7b,Montenegro,Ottoman,25,52 %,12 %,3
6a+,Pembe Hayaller,Alabalik Balkon,25,84 %,8 %,1
7b+,Kaybedenler Kulubu,Ruzgarli Bahce,25,40 %,16 %,4
7a+,Drop Zone,Left Cave,25,76 %,4 %,3
6c+,Dance with the goats,Trebenna east,25,96 %,16 %,3
6a,60 is the 30,Trebenna east,25,88 %,12 %,2
6b,flying dutchman,Ruzgarli Bahce,25,88 %,12 %,3
6a+,Für Murat,Gizmo,24,83 %,0 %,3
5c,Fakir,Kebap,24,96 %,4 %,2
5a,Cosmic power,Küllüin,24,96 %,0 %,3
6c,Among Friends,Geyik,24,79 %,8 %,3
7a,Fitz Roy,Patagonia,24,88 %,13 %,3
8b,Moruk,Laboratuar,24,4 %,13 %,4
7a,Elif,Alabalik,24,54 %,0 %,3
6a+,Eclipse 1p,Trebenna West,24,92 %,8 %,3
7a,Ten years anniversary,Unknown Sector,24,58 %,8 %,4
7b+,Lemmy,Barbarossa,24,21 %,8 %,3
5a,Ith feeling light,Gizmo,23,87 %,0 %,2
6b+,Who are you,Trebenna east,23,78 %,17 %,2
7c+,Porro d'Aqua,Alabalik,23,22 %,0 %,4
6a,No Name (1. L),Alabalik,23,100 %,9 %,4
5c,Jass Party (Short),Ottoman,23,78 %,9 %,2
6a,Lycian Highway - 1st Pitch,Trebenna West,23,96 %,17 %,4
5b,Triologie,Trebenna West,23,91 %,4 %,4
7a,Jazz Bass,laboratuvar,23,57 %,4 %,3
6a+,Sarı dev (1p),Michi,22,96 %,14 %,4
7b,Session of happiness,Anatolia,22,73 %,5 %,2
6a+,Crack Pipe,Trebenna east,22,96 %,9 %,4
6b+,Che,Patagonia,22,77 %,23 %,4
7b,Game of Thrones,Esekuctu,22,32 %,0 %,4
6a,outsider,Trebenna West,22,96 %,9 %,2
7b+,Comanche,Koridor,22,41 %,9 %,3
7a+,Çok Yoruldum,Michi,22,64 %,18 %,4
6c+,Serefe,Michi,22,77 %,23 %,4
6b+,Blue attack,Magara,22,86 %,5 %,3
6b+,Westend,Trebenna West Extension,22,64 %,18 %,4
6c,Alkolika,Top Alanı,22,59 %,32 %,4
6b+,Routenflucht,Cesme,21,67 %,14 %,3
6b,Flying Dutchman,Rüzgarli Bahce Right,21,71 %,0 %,4
5c,Farketmez,Cesme,21,91 %,5 %,2
5c,Porthos,Koridor,21,86 %,5 %,3
6c+,Verliebt nach Anne,Deli Kasap,21,52 %,14 %,2
7a,Camelita,Left Cave,21,62 %,14 %,3
6c+,Ushuaia,Patagonia,21,33 %,10 %,3
6a+,Zengengriff trifft zungenkuss,Küllüin,21,76 %,5 %,3
6a,Anna ist weg,Küllüin,21,67 %,5 %,3
6c,Alabalik Extension,Alabalik,21,76 %,24 %,4
6b+,Havana Club,Alabalik,20,60 %,10 %,3
6b,Die 5te,Heart,20,60 %,5 %,2
6b+,Mum Isiginda Yemek,Magara,20,80 %,0 %,3
6c+,"No childs here, please",Kanyon,20,75 %,10 %,3
6c+,Emekli to Madagaskar,Güzel Manzara,20,60 %,0 %,2
7a+,L'Empire contre-attaque,Ottoman,20,70 %,25 %,4
8a,Küçücük,Mevlana,20,5 %,5 %,3
7c+,Korona,Trebenna West,20,45 %,5 %,3
6b,Lanet olsun,Echoes sağ2,20,90 %,5 %,3
8b,Savaşma Seviş,Akdeniz,20,0 %,15 %,4
6b,Hansel,Trebenna,20,70 %,0 %,3
7c,Ahminelask,Küllüin,20,20 %,15 %,3
6a+,escobar,Patagonia,20,95 %,5 %,3
7c,Yankee go home,Sarkit,20,50 %,0 %,2
8b,Scrotum Maximum,Ruzgarli Bahce,20,5 %,10 %,3
4b,5 Gewinnt,Alabalik,20,90 %,0 %,4
6b,Red Tank,Trebenna,20,80 %,15 %,3
7b+,Peugeot J9,Top Alanı,20,20 %,10 %,4
7c,Freedom for Boğaziçi,Anatolia,20,40 %,25 %,4
5b,"California Dreaming, pitch 1",Left Cave,20,75 %,5 %,3
7b,Mum isiginda yemek (sol/left),Magara,19,42 %,0 %,2
7b,O Dolares,Barbarossa,19,58 %,5 %,3
7a+,Fragile Dreams,Sarkit,19,63 %,0 %,2
6c+,Tequila,Kebap,19,42 %,5 %,3
6c,Despacito,Patagonia,19,68 %,21 %,3
7b+,Omlet,Mevlana,19,32 %,0 %,3
6c,Rock superstar,laboratuvar,19,47 %,5 %,3
6c+,SPIDER SOLITAIRE,Ottoman,19,90 %,21 %,4
6b,Alter schützt vor Bohrheit nicht,Gizmo,19,74 %,5 %,3
5b,Belgeli,Koridor,19,90 %,21 %,4
6a+,İncinmişsin,Top Alanı,19,74 %,21 %,4
7b,Hunting Love,Turkish Standard,19,47 %,0 %,3
6c,Bysance,Barbarossa,18,72 %,6 %,4
6b+,Punk,Cesme,18,67 %,17 %,4
7a,N.N.,Magara,18,67 %,0 %,3
4a,Tutti Frutti,Kebap,18,78 %,0 %,2
7b,Kalhi cat,Trebenna east,18,67 %,6 %,4
6a,111,Gizmo,18,100 %,6 %,4
6c+,Second life,Trebenna West,18,61 %,0 %,3
5c,Havana Club,Alabalik Balkon,18,89 %,28 %,4
6b+,Brio de Flamenco (L2),Barbarossa,18,94 %,6 %,4
5c,Ith feeling,Gizmo,18,83 %,22 %,3
6c,Desperation,Kanyon,18,39 %,6 %,3
6c+,Cerveza,Patagonia,18,72 %,11 %,3
7a,Özge,Alabalik,18,72 %,0 %,3
6b,Fado,Gizmo,18,83 %,11 %,3
7b+,New fucking Generation,Ruzgarli Bahce,18,33 %,28 %,4
6a+,Catch me if you can,Heart,17,53 %,0 %,1
7c,Suskunlar,Küllüin,17,24 %,6 %,3
6b,Kelebek,Geyik,17,65 %,0 %,1
6b,Der steip der geiss,Gizmo,17,94 %,0 %,2
5b,MusicMan,Kebap,17,94 %,0 %,3
5b,The sunnyside of chipsylife,Yenicay,17,94 %,0 %,1
5c,Harter Starter,Yenicay,17,94 %,0 %,2
6b,Dumplupinar,Mevlana,17,41 %,6 %,4
7c,Ahmilena,Küllüin,17,18 %,6 %,3
6a+,Echoes of the Himalaya,Echoes,17,88 %,18 %,3
7b,O Dolores,Barbarossa,17,47 %,12 %,4
6c,Sahi Baba,Michi,17,65 %,12 %,3
6c+,Kirli Köpek,Küllüin,17,65 %,6 %,3
6a,Süßes Leben,Deli Kasap,17,88 %,18 %,3
6a+,Südkante,Deli Kasap,17,88 %,18 %,2
6b,Blame It On The Boogie,Sincap,17,82 %,6 %,4
6b+,Welcome Baby,Ottoman,17,100 %,6 %,3
6c+,Brand new start,Michi,17,82 %,24 %,4
6c+,Şili'ye Özgürlük,Patagonia,17,94 %,35 %,3
7b,Anarshit,Cesme,16,19 %,6 %,4
6c,Ali baba ve kirk haramiler,Cesme,16,81 %,6 %,4
6c,Morgenstund hat gold im mund,Yenicay,16,63 %,0 %,1
5b,Fak Fakir,Sincap,16,100 %,13 %,3
5b,Blasehase,Yenicay,16,88 %,0 %,1
7b,Blue Hotel,Ottoman,16,38 %,25 %,4
6b,Kraft Durch Efes,Küllüin,16,44 %,6 %,2
7c+,Plan B,Unknown Sector,16,13 %,19 %,4
6b+,Tesaduf,Alabalık Balkon 1,16,44 %,13 %,4
5c,Brio De Flamenco L1,Barbarossa,16,94 %,13 %,4
7c+,Going Out West,Left Cave,16,13 %,31 %,4
6a+,İki Soğuk Biram Var Abi,Top Alanı,16,88 %,6 %,4
7a,N.N.,Trebenna West,15,80 %,7 %,3
5b,Pratik,Geyik,15,80 %,0 %,2
7b,N.N.,Trebenna,15,60 %,0 %,3
8b+,Phoenix,Küllüin,15,0 %,33 %,4
8a,Against All Odds,Alabalik,15,7 %,7 %,3
6a+,No Sun,Kanyon,15,80 %,13 %,3
6c,Sandal,Sandal,15,87 %,33 %,4
8a,Predators,Trebenna east,15,7 %,13 %,4
5b,Luna Star,Sincap,15,93 %,0 %,5
7c,Ava or aaron,Gizmo,15,60 %,7 %,2
5b,Jakuzi,Magara,15,93 %,0 %,4
6b,Hippi,Koridor,15,80 %,7 %,2
7a+,Tenere,Top Alanı,15,53 %,20 %,4
6b+,Hero,laboratuvar,15,60 %,20 %,3
6a,Kekik,Kekik,14,100 %,7 %,2
6b+,Durak,Gizlibahce,14,93 %,7 %,4
7b+,El Culto A La Vida,Trebenna West,14,29 %,7 %,2
5b,Schwupp,Gizmo,14,86 %,0 %,2
7c,Escape to paradise,Trebenna West,14,21 %,0 %,3
6b,MPW,Gizmo,14,79 %,7 %,2
7a,Who let the boobs out?,Küllüin,14,36 %,14 %,4
8b,Rock Palace,Trebenna West,14,21 %,21 %,4
5c,Katainsche's Dance,Sincap,14,86 %,7 %,3
6c+,Homodeus,Mevlana,14,71 %,7 %,2
5c,Bobby,Gizmo,14,93 %,0 %,3
7c,Miaau,Anatolia,14,50 %,14 %,3
6a+,No Gearr,Alabalik,14,93 %,0 %,3
7a,Jungle Speed,Alabalik balkon 4,14,71 %,0 %,2
7c,Return of the jedi,Küllüin,14,7 %,0 %,3
6a,Cikomigo,Dragon,14,79 %,7 %,4
6c+,The last world,Toki,14,79 %,0 %,2
6c+,Climb To Sky,Michi,14,64 %,14 %,4
5c,Kis uykusu,Deli Kasap,13,85 %,15 %,3
7a+,save the planet kill yourself,Trebenna,13,85 %,15 %,4
7a,Die Fetten Jahre Sind Vorbei,Deli Kasap,13,62 %,0 %,3
7b,Kathi Cat,Trebenna east,13,31 %,39 %,4
6b+,Grashüpper,Trebenna West,13,77 %,8 %,3
6a+,Merci Michel,Barbarossa,13,77 %,0 %,3
7c,Into the wild,Trebenna,13,39 %,8 %,3
7b,Pharao's curse,Trebenna east,13,39 %,15 %,3
6b+,The End,Mandela,13,69 %,15 %,3
6c+,Kapt'n Kirk,Anatolia,13,85 %,0 %,3
5c,Flower Tower,Trebenna west orta/middle,13,92 %,31 %,5
6b+,Bienal,Toki,13,69 %,0 %,3
8b+,Külkedisi,Küllüin,13,0 %,8 %,4
8b,Enjoy the Silence,esek uctu,13,0 %,23 %,5
8b,Climb Now Work Later,Alabalik Balkon,13,0 %,15 %,3
6b,Sensitive meatball,Teras Left,13,46 %,8 %,3
6b,Vanilya,Kekik,13,92 %,8 %,5
8b+,Obelix,Alabalik,13,0 %,8 %,4
7b+,Akdeniz,Akdeniz,13,31 %,15 %,4
7b+,Cady Cane,Turkish Standard,13,46 %,8 %,4
6c,Berberlerin kralı,Ottoman left,13,39 %,15 %,4
7c,False in Truth,Kanyon,13,8 %,8 %,4
6c+,N.N.,Alabalik,12,58 %,0 %,2
6c+,Gekko Kebap,Deli Kasap,12,67 %,0 %,1
7b,Insomnia,Ottoman,12,50 %,0 %,3
6c,N.N.,Koridor,12,58 %,8 %,2
7b,Julia & Romeo,Turkish Standard,12,33 %,0 %,2
4a,Smarter starter,Yenicay,12,100 %,0 %,0
6a,Totem,Dragon,12,92 %,17 %,3
6a,Ushuaia,Unknown Sector,12,83 %,8 %,3
8b,King Connection,Trebenna West,12,17 %,8 %,3
8a+,Masal,esek uctu,12,17 %,0 %,3
8b,4X4,Akdeniz,12,0 %,0 %,3
6b,Poker Face,Top Alanı,12,100 %,17 %,3
6b+,Barbarossa 16,Barbarossa,12,83 %,25 %,4
6a+,Just friends,Mandela,12,67 %,8 %,3
8a,Viva Chavez,Ottoman,12,0 %,0 %,3
6b+,Ce nèst pas possible,Rüzgarlı Bahçe Left,12,83 %,0 %,3
7b+,Gathering,Trebena West,12,67 %,17 %,3
8b,King Connection,Trebenna West,12,17 %,8 %,3
8a+,Masal,esek uctu,12,17 %,0 %,3
7c+,Mambo Tango,Echoes,12,25 %,25 %,4
5a,Ranger travel,Trebenna,12,100 %,8 %,4
8c,Devers Royale,Trebenna West,12,8 %,25 %,3
5c,Aladdin'in lambasi,Sarkit,12,83 %,0 %,3
7b,Rattlesnake Saloon,Unknown Sector,12,25 %,8 %,4
6c,Susam,Cesme,11,82 %,0 %,3
6b,Teamwork,Gizlibahce,11,91 %,9 %,3
7c+,Noniş,Kanyon,11,0 %,9 %,4
8a,Dynamic Dynamite,Trebenna West,11,0 %,0 %,2
8a+,Star Wars,Türkisch Standart,11,0 %,36 %,4
8b,Professur,Trebenna West,11,0 %,0 %,3
5a,Picasso Draws the Line,Sincap 3,11,82 %,27 %,3
7a+,Mikrop,Sarkit,11,46 %,0 %,2
5b,Bisiklet,Koridor,11,100 %,9 %,3
8a,Memory of Giovanni (ext.),Mevlana,11,0 %,18 %,3
6a,Alice in Wonderland,Güzel Manzara,11,64 %,9 %,4
6b+,Şen dul,Ottoman,11,82 %,18 %,4
6c+,Çok yoruldum l1,Michi,11,55 %,9 %,3
7b+,Anatolic,Anatolia,11,64 %,0 %,3
5c,Çingene pilici,Top Alanı,11,100 %,9 %,5
6a+,Milli Piyango,Kekik,10,90 %,10 %,5
7c,Beam me up Scotty,Anatolia,10,40 %,0 %,1
7b+,Blonde confusion,Cesme,10,0 %,0 %,4
6c+,N.N.,Poseidon,10,80 %,0 %,3
8a,Ninova,Kanyon,10,0 %,20 %,4
7b+,Sword of trebenna,Trebenna West,10,50 %,0 %,3
7c,Akumulator,Trebenna West,10,10 %,0 %,4
8c,Drop City,Sarkit,10,10 %,10 %,4
6a,Schaufel St. Führe,Gizlibahce,10,60 %,20 %,4
7a+,Geyikbayiri Jazz band,Sarkit,10,50 %,10 %,3
7a,N.N.,Mevlana,10,80 %,0 %,3
7a+,Bok bocegi,Kanyon,10,50 %,10 %,3
6a+,Peri Bacasi,Küllüin,10,90 %,10 %,4
6a+,Sabatik trip,Pasa,10,90 %,10 %,4
6b+,Stalactosaurus,Alabalik balkon 4,10,70 %,30 %,4
7c,Poison,Kanyon,10,30 %,10 %,4
7a,N.N.,Sarkit,10,70 %,0 %,1
5a,Deep troat,Sincap,10,90 %,0 %,3
5c,Cok Guzel,Koridor,10,100 %,0 %,4
5b,Mektep,Gizlibahce,10,80 %,20 %,3
7b+,Life is what you choose extension,Unknown Sector,10,40 %,30 %,4
7b+,So Long Beauty,Ottoman,10,50 %,0 %,3
6c,Tenten Konglomerada,Mevlana,10,50 %,0 %,2
3b,N.N.,Cesme,10,20 %,0 %,5
7a,Terazi lastik jimnaatik,Trebenna West,10,90 %,0 %,1
7a,Sakiznime,Trebena,10,70 %,0 %,4
7a+,Cerofobi,Koridor,10,60 %,0 %,3
7a+,Wild Horses,Michi,10,60 %,10 %,4
6c,Gozleme Station,Teras Left,10,40 %,20 %,3
6c,Fanta 4,Sincap,10,10 %,20 %,4
5c,Just in time,Mandela,10,90 %,10 %,3
6a+,14/18,Poseidon,10,100 %,10 %,2
7a,Fa fa fa,Sarkit,10,80 %,20 %,4
6a,Drama Queen,Sarkit,10,100 %,10 %,4
8a+,Mustang,Koridor,10,10 %,20 %,4
5c,Iyi,Unknown Sector,9,78 %,11 %,5
6c,Amazon,Cesme,9,78 %,22 %,5
7a,Due Stazioni,Alabalik Balkon,9,67 %,0 %,2
6c+,Quantum gigantum,Güzel Manzara,9,67 %,11 %,4
7a,Atlas,Küllüin,9,89 %,11 %,3
6c,Babouche Pasa,Pasa,9,78 %,0 %,3
5a,Dali,Sincap,9,89 %,11 %,3
5c,Miss mob,Sincap,9,100 %,0 %,3
6c,Kara Büyü,Top Alanı sağ,9,67 %,11 %,3
8a,Minimalist,Anatolia,9,0 %,0 %,4
6c+,Dave Smith and the german tecno,Alabalik,9,89 %,0 %,3
7a,Bizim Canimiz Yanmaz Gardas,Trebenna,9,67 %,0 %,4
7a,Otolastik,Rüzgarl? Bahçe,9,89 %,0 %,3
5b,California dreaming,Hearth/Left cave,9,67 %,0 %,4
6b+,Imagination,Sarkit Left,9,78 %,0 %,3
6b+,Üçkağitçi aşik,Sarkit,9,100 %,0 %,3
7a,Dustu Dusecek,Yenicay,9,33 %,11 %,1
6a,Rantanplan,Gizmo 2,9,89 %,11 %,3
7a+,Save the planet,Trebenna West,9,78 %,11 %,3
6a,Runaway,Gizlibahce,9,78 %,33 %,4
6c,Omlet/ Tenten konglomera'da,Mevlana,9,100 %,33 %,4
6a,Alzheimers Onsight,Sincap,9,89 %,11 %,4
7b+,Aquaduct l2,Trebenna,9,33 %,11 %,3
7b+,Insider,Trebenna West,9,0 %,22 %,4
6c,Resta,Sarkit,9,67 %,0 %,4
6b,imagination L1,Sarkit,9,67 %,0 %,4
7b+,Müdür,Top Alanı sağ,9,33 %,11 %,4
5c,Kötü,Unknown Sector,8,75 %,13 %,5
6c+,Tropicana,Deli Kasap,8,38 %,25 %,3
4a,Kurze Romanze,Gizmo,8,75 %,13 %,2
8a+,Requiem,Sarkit,8,13 %,0 %,2
7c+,Funky Chicken,Funky Chicken,8,13 %,13 %,4
5c,Have Fun,Kanyon,8,100 %,13 %,2
5a,M.P.W.,Gizmo,8,50 %,0 %,3
7c+,Arcteryx,Alabalik,8,13 %,0 %,5
6c,Tuzdede,Trebenna,8,88 %,0 %,4
8a,Pijama Party (ext.),Anatolia,8,0 %,13 %,4
7c,Kap horn,Trebenna,8,38 %,0 %,4
7a,Triologie,Trebenna West,8,88 %,0 %,3
4a,Antalya',Koridor,8,88 %,25 %,3
5b,Kind a like van gogh,Sincap,8,88 %,0 %,4
5c,Baklava Blues,Pasa,8,100 %,0 %,0
6a+,Alprösli,Sandal,8,75 %,50 %,4
7a,Soldan 3.,Esekuctu,8,75 %,0 %,4
5c,Mandela,Mandela,8,75 %,0 %,3
7a,Willy Wancker,Trebenna,8,88 %,0 %,4
5b,Mama Gozleme,Pasa,8,100 %,0 %,0
5c,Sushi,Gizlibahce,8,88 %,25 %,4
6c+,Ne c'est pas bleau,Rüzgarli Bahçe,8,50 %,0 %,4
5a,Sheep in the keep,Alabalik Balkon,8,75 %,25 %,4
7a,Jungle Speed,Alabalik Balkon,8,63 %,0 %,1
6c+,Second Live,Trebenna West Extension,8,63 %,0 %,2
7b,Künefe,Sandal,8,13 %,38 %,4
7a+,right and left to cést pas bleau,Rüzgarli Bahçe,8,38 %,38 %,4
7b+,Şeytan Tüyü,Top Alanı,8,25 %,13 %,3
8a,Rafsta Games,Sarkit,8,0 %,13 %,4
6a,Dicke Nudel,Sincap 3,8,100 %,0 %,3
6b+,Bermuda Preieck,Trebenna east,8,88 %,0 %,2
6b+,Biscolatta,Trebenna east,8,75 %,25 %,4
7c+,Hakuna Matata,Küllüin,8,0 %,13 %,4
8a+,Rainbow Smile,Koridor,8,0 %,13 %,4
6a,Viva Chavez,Ottoman,8,75 %,38 %,3
7a,Karinka,Unknown Sector,8,25 %,38 %,4
5c,Kuyruksuz uçurtma,Top Alanı,8,100 %,0 %,5
7c,Anarshit varyasyon,Cesme,7,0 %,0 %,3
6a,Cirkin,Unknown Sector,7,57 %,14 %,5
7c+,Scare Face,Cesme,7,0 %,14 %,5
8a+,Cathedral of Dreams,Gizmo,7,14 %,0 %,4
6a,Pink panter,Trebenna west sol,7,57 %,29 %,5
5b,Istanbul,Gizlibahce,7,100 %,29 %,4
7c,Aristokrats,Top Alanı,7,14 %,0 %,3
6a+,Kalhi cat (1p),Trebenna east,7,71 %,14 %,3
5c,Nord Passat,Trebenna east,7,71 %,43 %,4
7a,Bana Gel,Sandal,7,71 %,29 %,4
6a+,No Reservations,Teras,7,86 %,0 %,1
6a+,Bysance,Unknown Sector,7,100 %,0 %,0
7b+,Sloper Poker,Alabalik Balkon,7,14 %,0 %,3
6c,Samba Mamba,Barbarossa,7,57 %,0 %,1
7c+,White elephant,Trebenna east,7,29 %,0 %,4
6a+,Revolverhead,Turkish Standard,7,71 %,0 %,1
6a+,No gear,Alabalik,7,100 %,0 %,0
7c+,Le coleur d'eau,Alabalik,7,43 %,0 %,5
8a+,Highline,Alabalik,7,29 %,14 %,3
7b,Lycian Highway,Unknown Sector,7,29 %,29 %,3
7c+,Game of Throns,Unknown Sector,7,0 %,0 %,4
7c+,Vantuz,Küllüin,7,0 %,0 %,4
7b,Bakhiti Yoga,Mevlana,7,57 %,0 %,3
5c,Kopekler Bale Yampaz,Küllüin,7,86 %,14 %,2
5b,Happy birthday Peter,Gizmo,7,100 %,0 %,3
7a,Soldan 2.,Esekuctu,7,86 %,0 %,3
7a+,L'mpire corne attaque,Ottoman,7,86 %,0 %,3
7c+,Little Rainbow,Esekuctu,7,14 %,0 %,4
6b,N.N.,Kanyon,7,57 %,14 %,4
6c,No I did not,Kanyon,7,71 %,14 %,3
8a+,Sin City,Mevlana,7,0 %,14 %,5
6b,ID,Kanyon,7,71 %,0 %,3
6a+,Ready for anything,Kekik,7,86 %,14 %,3
6b,Less is More,Kanyon,7,71 %,14 %,4
6b+,Imagination first pitch,Sarkit,7,100 %,0 %,4
7b+,Only The Good Die Young,Michi,7,57 %,0 %,4
7b+,Bagla,Kanyon,7,14 %,14 %,3
7c,American Idiot,Michi,7,14 %,29 %,4
8a,Whiplash,Top Alanı sağ,7,14 %,14 %,4
7a+,Psycho Sheppard,Unknown Sector,7,86 %,43 %,4
7b,Demirkazık,Poseidon,7,57 %,0 %,3
6a,Banana Monster,Dragon,7,100 %,0 %,3
7b,Ciğerim Söndü,Top Alanı sağ,7,57 %,14 %,3
7a,No heroes,Trebenna West,6,67 %,17 %,5
8a,Pillar of the Earth,Gizmo,6,0 %,17 %,3
5c,Rainman,Gizlibahce,6,100 %,0 %,3
6a,Jungle,Cesme,6,100 %,0 %,4
5a,Kleina hexen,Gizmo,6,100 %,0 %,4
6b+,Trilogie,Trebenna,6,100 %,17 %,3
5a,Heavensgate,Left Cave,6,100 %,17 %,5
7b,Ölü Yatırım,Top Alanı sağ,6,17 %,0 %,2
6c+,14/18,Ottoman,6,67 %,17 %,3
5a,Riot in my Heart,Kebap,6,67 %,0 %,1
6b,N.N.,Barbarossa,6,100 %,0 %,3
5c,Tas Osagi,Ottoman,6,83 %,0 %,5
6c+,Hediye,Sandal,6,50 %,33 %,3
5c,Cin Tonic,Küllüin,6,100 %,0 %,4
7b,Powerslave,Anatolia Sag,6,67 %,0 %,4
6a,N.N.,Anatolia Sag,6,50 %,0 %,0
5b,Pipi Langstrumpf,Gizmo,6,100 %,0 %,4
7a,Big blind L1,Sarkit Left,6,50 %,0 %,4
6b,Fado,Gizmo 3,6,33 %,33 %,3
6c,Problem Yok,Trebenna,6,33 %,0 %,2
7a,Red Hot Chili Peppers,Anatolia,6,67 %,0 %,5
7b+,Dü?tü Dü?ecek,Yenicay,6,67 %,0 %,1
7a,Bermuda Dreieck,Trebenna east,6,50 %,50 %,4
6b+,Lycian Alpinist,Unknown Sector,6,100 %,17 %,3
7c,Cap Horn,Trebenna east,6,50 %,0 %,5
6a,Spider Solitaire (Short),Ottoman,6,67 %,0 %,0
7a+,"Save the planet, kill your self",Trebene,6,50 %,0 %,3
5c,Kar Tanesi,Gizlibahce,6,100 %,33 %,5
7c+,Phallus Diaboli,Trebenna west 3,6,17 %,17 %,4
6a,Mafia,Cesme,6,100 %,33 %,4
6b+,turkish standart,Turkish Standard,6,33 %,0 %,5
7b,right to cést pas bleau,Rüzgarli Bahçe,6,50 %,50 %,4
7b+,Garlik And Chees,Michi,6,50 %,17 %,4
8a+,Action Indirect,Unknown Sector,6,17 %,0 %,3
6a+,Deniz,Top Alanı sağ,6,83 %,0 %,5
5c,Feine Sahne Fischfilet,Mandela,6,100 %,0 %,3
7a,Antimatter,Moon,6,67 %,33 %,4
7a,fingerfood,Alabalik Balkon,6,50 %,17 %,3
6c+,Limon Ay,Moon,6,100 %,17 %,4
6b,Buddha's Revenge,Moon,6,67 %,0 %,3
6c,Late Tsunami,Trebenna West,6,50 %,0 %,4
7b,Qu'est-ce que c'est extension,Sarkit,6,50 %,0 %,4
7b+,Sari Dev,Michi,6,33 %,17 %,4
6a,Bolder Boyz,Trebenna east,6,100 %,0 %,3
6b+,Saxofon,Unknown Sector,6,83 %,67 %,5
6b,Dumplinar,Mevlana,6,83 %,0 %,4
5c+,Plandemic,Top Alanı,6,100 %,0 %,0
7c,Know How,Kanyon,5,20 %,0 %,5
6c,Skin Hell,Pasa,5,100 %,0 %,0
4a,Carlson vom Dach,Gizmo,5,80 %,0 %,0
7c+,White Elefant,Trebenna east,5,0 %,0 %,4
6a+,Geyikbayiri 'Ndan Charmonix,Echoes,5,100 %,40 %,4
6a,starline,Trebenna West,5,100 %,20 %,4
7a+,Montecucco,Echoes Sag,5,20 %,0 %,3
7a,Echoes of the Himalayas,Echoes,5,60 %,0 %,5
6b+,Turkish Standard,Unknown Sector,5,80 %,20 %,5
6c+,Mission to Mars,Unknown Sector,5,20 %,20 %,5
7b+,Sex Pistols,Barbarossa,5,20 %,0 %,3
7a+,Bermuda Dreieck Extension,Trebenna east,5,60 %,0 %,2
5c,Titrek,Gizlibahce,5,100 %,20 %,5
7a+,End of the innocence,Ottoman,5,40 %,0 %,3
7b+,N.N.,Unknown Sector,5,100 %,0 %,0
6a+,Julia & Romeo,Unknown Sector,5,60 %,20 %,3
7c,Citdibi,Citdibi,5,40 %,0 %,4
7b+,Darvin,Patagonia,5,20 %,20 %,4
6b,24m Chrono,Alabalik,5,80 %,20 %,3
6b+,Confortable,Echoes,5,80 %,20 %,4
7c+,Sezon Finali,Küllüin,5,20 %,20 %,4
7c+,Devil dance,Alabalik,5,0 %,0 %,3
4a,Linneau,Mandela,5,80 %,0 %,3
7b,Celik Kalp extension,Anatolia,5,20 %,0 %,3
7b+,Black Moon,Unknown Sector,5,40 %,0 %,4
5b,Little Miss Sunshine,Turkish Standard,5,100 %,0 %,2
6b+,Arcadan,Trebenna West,5,100 %,0 %,3
6a+,Mucahit,Mandela,5,100 %,0 %,1
6b+,Sxofon,Unknown Sector,5,60 %,0 %,5
7a,Echos of the Andes,Echoes,5,80 %,0 %,0
5c,Dept Punk,Küllüin,5,60 %,0 %,1
7a+,Monkey maffia,Turkish Standard,5,60 %,0 %,3
6b,Flying Dutchmann,Ruzgarli Bahce,5,80 %,0 %,3
7a,Willy Wanker,Trebenna Ost,5,80 %,0 %,1
7a+,Big turkey,Unknown Sector,5,60 %,0 %,0
7a+,L empire Ottoman,Unknown Sector,5,60 %,0 %,4
6b,Hürem Sultan,Barbarossa,5,100 %,0 %,1
7b+,Maja extension,Trebenna West,5,20 %,0 %,3
4a,Raki on the rocks (1p),Trebenna West,5,80 %,20 %,4
5c,Ihlamur (1p),Trebenna east,5,100 %,20 %,4
6b,between birt and miss piggi,Kanyon,5,80 %,0 %,5
8c,Forgotten Knight,laboratuvar,5,0 %,40 %,3
7b+,Drama Queen,Sarkit,5,20 %,0 %,3
7b+,Airbnb Çılgınlığı,Top Alanı,5,0 %,0 %,4
7b+,Gladutschki,Sarkit,5,60 %,20 %,4
7b+,Kaptan Hook,Citdibi,5,60 %,0 %,4
7c+,Django,Akdeniz,5,0 %,0 %,4
6a,Allaaddin,Alaaddin,5,40 %,0 %,0
5c,Brio de Flamenco (L1),Barbarossa,5,80 %,0 %,0
5b,From Ashes Rise,Unknown Sector,5,100 %,40 %,4
6a+,CITY WATCH,Güzel Manzara,5,60 %,20 %,5
7b+,Just smile,Sarkit,5,40 %,0 %,4
6c,Berberlerin Krali,Ottoman,5,40 %,20 %,3
5c,Brio de Flamenco (L1),Barbarossa,5,80 %,0 %,0
7a+,Grill Instructor,Sarkit,5,80 %,0 %,4
7b+,Antalya için 747 nolu uçuş (ext.),Mevlana,5,40 %,0 %,3
6c+,Waiting for Holidays,Unknown Sector,5,80 %,20 %,3
5a,Toki,Unknown Sector,5,60 %,0 %,0
6b+,N.N.,Barbarossa,5,60 %,40 %,5
6b,Beyas gelin,Unknown Sector,4,100 %,0 %,3
7a,cennet cehennem,Antalya,4,25 %,0 %,3
6a,PH 43,Gizlibahce,4,100 %,0 %,5
6c,N.N.,Turkish Standard,4,75 %,0 %,4
5b,Roots of stone love,Güzel Manzara,4,100 %,50 %,3
7b+,Absinth,Sandal,4,25 %,25 %,4
8a+,Ceneni kapat ve op,Unknown Sector,4,25 %,0 %,3
6c+,Left to the Sucker Punched,Trebenna West,4,75 %,0 %,3
6b+,Barbarossa 14,Barbarossa,4,100 %,0 %,0
5c,Predators (1p),Trebenna east,4,100 %,25 %,4
5a,In love Maria luise,Gizmo,4,100 %,0 %,0
5b,3D Channe,Teras,4,50 %,0 %,3
6a,In The Night,Unknown Sector,4,50 %,25 %,3
8a+,Storm,Oekuezini,4,50 %,25 %,5
6b+,Tatoo,Mevlana,4,75 %,0 %,3
6b,Tesoro mio,Sandal,4,75 %,50 %,4
6a+,N.N.,Esekuctu,4,100 %,25 %,4
8a+,Ceneni kapat ve op,Unknown Sector,4,25 %,0 %,3
8c+,Rock Erotic,Alabalik,4,0 %,25 %,4
6c+,Mezarlariniza Tükürecegim,Anatolia,4,100 %,25 %,4
5c,Souvernir Malgache,Barbarossa,4,100 %,0 %,2
6b,voie de droite,Trebenna,4,75 %,0 %,0
7a,x,Unknown Sector,4,25 %,0 %,0
7c,Boriinator,kaplumbağa,4,0 %,25 %,5
6c+,gonul gozu,Citdibi,4,100 %,0 %,3
7b,Climbing Trip,Citdibi,4,50 %,0 %,4
7c+,Dionysis,Poseidon,4,0 %,0 %,3
7c+,Trio de ligoville,Unknown Sector,4,0 %,0 %,4
7a,barbabas,Mevlana,4,75 %,0 %,5
7a,Sunexpress,Turkish Standard,4,50 %,0 %,0
7a,Otolastik,Unknown Sector,4,75 %,0 %,5
6c,te last world,Toki,4,75 %,0 %,0
7a,Nasty,Citdibi,4,100 %,0 %,1
6a,Shaufel St. Fuhre,Gizlibahce,4,50 %,0 %,5
7c,Bad boys in town,Mevlana,4,0 %,0 %,0
7a+,Türkiyeye,Mevlana,4,100 %,0 %,0
7c+,High Hppes,Sarkit,4,25 %,0 %,4
7b,Judas,Unknown Sector,4,25 %,0 %,4
6b+,Kayıp Dünya,Toki,4,75 %,0 %,3
6b+,saksafon,Sarkit,4,0 %,0 %,0
7a,Squuirrel nut zippers,Akdeniz,4,25 %,0 %,5
5c,Butterfly boulvard,Alabalik Balkon,4,75 %,0 %,0
6c+,Chilli con pillar,Alabalik,4,75 %,0 %,0
6c,Auf Nach Madagaskar,Güzel Manzara,4,100 %,25 %,5
8a+,rocky,esek uctu,4,0 %,0 %,5
6c,angel wıng,Küllüin,4,50 %,0 %,4
6a,Pempe Hayaller,Alabalik Balkon,4,100 %,25 %,4
7a,Imagination,Unknown Sector,4,25 %,0 %,3
7b+,Absinth,Sandal,4,25 %,25 %,4
7a,N.N.,Ruzgarli Bahce,4,75 %,0 %,4
7c+,High Hppes,Sarkit,4,25 %,0 %,4
7b,Judas,Unknown Sector,4,25 %,0 %,4
6b+,Kayıp Dünya,Toki,4,75 %,0 %,3
6b+,saksafon,Sarkit,4,0 %,0 %,0
7a,Squuirrel nut zippers,Akdeniz,4,25 %,0 %,5
5c,Butterfly boulvard,Alabalik Balkon,4,75 %,0 %,0
6c+,Chilli con pillar,Alabalik,4,75 %,0 %,0
6c,Auf Nach Madagaskar,Güzel Manzara,4,100 %,25 %,5
8a+,rocky,esek uctu,4,0 %,0 %,5
6c,angel wıng,Küllüin,4,50 %,0 %,4
6a,Pempe Hayaller,Alabalik Balkon,4,100 %,25 %,4
6c+,Ruzgarli bache,Ruzgarli Bahce,4,100 %,0 %,1
6c+,Siri Birthday Project,Unknown Sector,4,75 %,0 %,4
8b,Rocky 2,esek uctu,4,0 %,0 %,5
5a,In love Maria luise,Gizmo,4,100 %,0 %,0
5b,3D Channe,Teras,4,50 %,0 %,3
6a,In The Night,Unknown Sector,4,50 %,25 %,3
7a+,Euro 17,Top Alanı sağ,4,75 %,0 %,5
7b,Jakuzi,Sarkit,4,0 %,0 %,5
6b,Kathi Cat (frist pitch),Trebenna east,4,75 %,0 %,3
6a,Sailerin Sultani,Barbarossa,4,100 %,0 %,0
7b,Jakuzi,Sarkit,4,0 %,0 %,5
6b+,Le Bombe Bleu,Poseidon,4,100 %,25 %,4
6b,Kathi Cat (frist pitch),Trebenna east,4,75 %,0 %,3
6c,Takla ilahi,Gizlibahce,4,75 %,25 %,4
5c,Qu'est-ce que c'est,Sarkit,4,75 %,0 %,0
7b,Yuri Baba,Unknown Sector,4,25 %,25 %,5
6a,No Name,Anatolia,4,100 %,0 %,4
6b,Code of Ethics,Top Alanı,4,75 %,25 %,5
6b,Gremmlins Cave,Heart,3,100 %,0 %,3
7b,Hotel Blue,Ottoman,3,33 %,0 %,5
8b,Lost in Translation,Unknown Sector,3,0 %,0 %,3
8a+,rido 20,okuzini cave,3,0 %,67 %,3
7b+,the bolt the beautiful,Kekik,3,33 %,0 %,0
5b,Pipi,Gizmo,3,100 %,0 %,0
7b,Demir Kazik,Unknown Sector,3,100 %,0 %,5
7c,First Klaas,Unknown Sector,3,67 %,0 %,5
7a+,Torros,Poseidon,3,33 %,33 %,5
4c,raki,Unknown Sector,3,100 %,0 %,0
6b,les portes des pondes,Toki,3,100 %,0 %,0
6a+,Hailifenin Yerindeki Halife,Barbarossa,3,67 %,0 %,3
7b,Neptun,Poseidon,3,0 %,0 %,1
6a,Sut cucugu,Sarkit,3,100 %,0 %,3
7a+,Hand Boiled Wonderful,Kekik,3,100 %,0 %,0
7c+,Full attack,Unknown Sector,3,67 %,0 %,5
7c,üçkağıtcı aşk,Unknown Sector,3,100 %,0 %,3
7a,Tesaduf,Alabalik,3,67 %,33 %,5
4b,N.N.,Kebap,3,100 %,0 %,3
7b,N.N.,Caglarca,3,100 %,0 %,5
7c,31,Anatolia,3,33 %,0 %,5
8a,Orient Express Extension,Trebenna West,3,0 %,33 %,4
7b+,Soldan 8.,Esekuctu,3,67 %,0 %,5
7b,Müren,Unknown Sector,3,33 %,0 %,0
7b+,Gladutschki,Unknown Sector,3,33 %,33 %,5
7a+,Jaja city,Unknown Sector,3,100 %,33 %,0
7b,N.N.,Unknown Sector,3,67 %,0 %,0
6a+,Echos of the Himalaya,Echoes,3,100 %,0 %,0
6a+,Revolverheld,Unknown Sector,3,67 %,0 %,3
7b,N.N.,esek uctu,3,67 %,0 %,3
7a,oto lastik,Unknown Sector,3,33 %,0 %,4
7c,N.N.,Esekuctu,3,0 %,0 %,0
6b,N.N. (New Route Right of Scorpion),Gizmo,3,100 %,0 %,0
6c+,C'est ne pas bleau,Rüzgarli Bahçe,3,33 %,0 %,1
7a,Terazi Lastik Jimnastik,Unknown Sector,3,33 %,0 %,5
5c,Alaaddinin lambasi,Sarkit,3,100 %,0 %,1
6b,ucanteneke,Magara,3,67 %,0 %,0
6b+,Empire Byzantine L1,Ottoman,3,67 %,0 %,5
6b+,Little Miss Sunshine Ext,Sarkit,3,67 %,0 %,0
7a,En soldaki...,Esekuctu,3,67 %,0 %,3
6a+,California dreaming ext.,Hearth/Left cave,3,100 %,0 %,3
6c+,Chili von pilar,Alabalik,3,100 %,0 %,5
7a+,zalis,Sarkit,3,100 %,0 %,4
6c,Latte Tsunami,Unknown Sector,3,100 %,0 %,5
6c+,Rüzgarli Bahce,Unknown Sector,3,100 %,0 %,5
6b+,Waiting for holydays,Trebena,3,100 %,0 %,0
7a,Augustos Böcegi,Magara,3,67 %,0 %,0
6b+,Aquaduct 1SL,Trebenna,3,33 %,0 %,0
7b,Greek Gift,Unknown Sector,3,33 %,33 %,5
7b+,Star Wars,Unknown Sector,3,33 %,0 %,0
6c,aladağlar,Ottoman,3,33 %,33 %,3
7a+,zalis,Sarkit,3,100 %,0 %,4
6c,Latte Tsunami,Unknown Sector,3,100 %,0 %,5
6c+,Rüzgarli Bahce,Unknown Sector,3,100 %,0 %,5
6b+,Waiting for holydays,Trebena,3,100 %,0 %,0
7a,Augustos Böcegi,Magara,3,67 %,0 %,0
6b+,Aquaduct 1SL,Trebenna,3,33 %,0 %,0
7b,Greek Gift,Unknown Sector,3,33 %,33 %,5
7b+,Star Wars,Unknown Sector,3,33 %,0 %,0
6c,aladağlar,Ottoman,3,33 %,33 %,3
7a+,Lycian alpinist,Trebenna West Orta,3,67 %,33 %,3
4b,Cosmic girl,Sarkit Left,3,100 %,0 %,5
6c,Akintiya Karsi Y�zmek,Alabalik,3,100 %,0 %,3
4b,Kinetik Concert,Left Cave,3,100 %,0 %,5
7b,Ottoman?,Ottoman,3,100 %,0 %,0
6b+,Gangsterbraut,Unknown Sector,3,67 %,0 %,3
6c+,Live is good,Dragon,3,100 %,0 %,4
6b+,Inspiration,Kanyon,3,33 %,33 %,4
7b,Toxic Gravity,Unknown Sector,3,33 %,0 %,3
6a,Triologie,Trebenna West 4,3,67 %,33 %,0
6b+,Grash�pfer,Trebenna West,3,100 %,0 %,3
7b+,Saklıkent,Unknown Sector,3,67 %,0 %,4
7b,Poseidon,Unknown Sector,3,0 %,0 %,4
7c+,Horny Horse Extension,Trebenna West,3,0 %,0 %,4
8c,Aquaduct l3,Trebenna West,3,0 %,67 %,4
7a+,Çölde Çay,Küllüin,3,0 %,0 %,4
7c,Geyikbayırı Games (2. pitch),Sarkit,3,0 %,67 %,4
6b+,Schach matt ext.,Dragon,3,100 %,33 %,4
6c,Right of 69,Kanyon,3,33 %,33 %,4
8b+,Colors,Küllüin,3,0 %,67 %,5
7b+,Bysance,Barbarossa,3,33 %,0 %,4
5c,babylon (1L),Geyik,3,100 %,0 %,4
7c+,Angel on the line,laboratuvar,3,0 %,33 %,4
8c,Electronic Athletes,eches right,3,0 %,0 %,5
8b+,Trebenna,Trebenna West,3,0 %,0 %,3
5c,Kopekler Bale Yapmaz,Teras Left,3,33 %,0 %,0
6b,Kapten Hook,Sincap,3,0 %,0 %,4
6b+,Melodram,Sarkit,3,0 %,33 %,5
7c+,Arc'terix,Alabalik Balkon,3,67 %,33 %,4
7b,Pour some sugar on me,Top Alanı sağ,3,100 %,33 %,4
7a,skorpion,Gizmo,3,33 %,0 %,5
5a,Sheep in the keep L1,Alabalik Balcon,3,100 %,0 %,0
6b+,Mealstrom,Anatolia,3,67 %,0 %,2
6a,Firizbi,Koridor,3,100 %,0 %,3
5c+,Part time hippy,Küllin1,3,33 %,33 %,5
6c+,Bolting Antalya,Gizlibahce,3,100 %,67 %,4
6a,Conglomarist,Trebenna east,3,100 %,0 %,4
5c,Lycan Highway,Trebenna West,3,67 %,0 %,0
5b,kardes,Unknown Sector,2,50 %,50 %,5
6b,Ay,Zeytinlik,2,100 %,0 %,0
7b+,KP,güsel,2,50 %,0 %,5
7c,Beyond Confusion,Unknown Sector,2,50 %,0 %,0
7a+,N.N.,Dragon,2,50 %,0 %,1
7a+,N.N. (bartabas),Mevlana,2,50 %,0 %,0
7a+,Atatürk,Akdeniz,2,50 %,0 %,3
5c,Kýþ Uykusu,Deli Kasap,2,0 %,0 %,0
7b,N.N.,Dragonfly,2,100 %,0 %,5
6a+,Just in time,Kebap,2,100 %,0 %,0
5c,Mücahit,Kebap,2,100 %,0 %,0
6c,Grasshüpfer,Unknown Sector,2,100 %,0 %,0
6a+,Barbarossa 12,Barbarossa,2,100 %,0 %,0
4c,N.N.,Left Cave Left,2,100 %,0 %,0
7a+,N.N.,Left Cave,2,50 %,0 %,0
6b,Dumlupinar,Unknown Sector,2,50 %,0 %,2
6b+,N.N.,Küllüin,2,100 %,0 %,5
7a+,Pharohs Curse,Trebenna West,2,50 %,50 %,3
6b+,Sirdan Dolmsi,Sarkit,2,0 %,0 %,5
6b,Sleva,Dragon,2,100 %,0 %,0
7a,N.N.,Alaaddin,2,50 %,0 %,0
7a+,New route right of Sucker Punched,Trebenna West,2,50 %,0 %,3
8a+,crack the system,Kekik,2,0 %,0 %,4
6b+,Time Out,Turkish Standard,2,50 %,0 %,3
6c,Kakut,Unknown Sector,2,50 %,0 %,5
6b+,mum işığında yemek sol,Magara,2,50 %,0 %,0
7c+,�zlem,Alabalik,2,50 %,0 %,5
6b,L 'Homme al 'Enners,Alabalik,2,100 %,0 %,4
6c+,tuz dede,Unknown Sector,2,50 %,0 %,0
7c,In to the Wild,Unknown Sector,2,50 %,0 %,5
6a+,Sonnenelfe,Güzel Manzara,2,100 %,50 %,4
7c+,Orient express extantion,Unknown Sector,2,0 %,0 %,0
5c,Butteerfly Boulevard,Alabalik,2,50 %,0 %,0
7a,GUNAH,Unknown Sector,2,50 %,0 %,0
7b+,Climbing Lovers,Yenicay,2,0 %,0 %,0
6a+,Choregraphie Violente,Trebenna West,2,50 %,0 %,0
6a+,La porte de pondes,Toki,2,100 %,0 %,0
6c,Ali Baba Ve Kirk Haramiller,Cesme Sol (Left),2,100 %,0 %,0
7b,Rattelsnake Saloon,Unknown Sector,2,50 %,0 %,4
7a,Halifenin yerindeki,Barbarossa,2,100 %,50 %,5
5b,Ikiz,Unknown Sector,2,50 %,50 %,5
6a,Sado Maso,Anatolia,2,50 %,0 %,0
6b+,sincapyolu,Unknown Sector,2,50 %,0 %,3
6b+,Sultanatimet,Unknown Sector,2,100 %,0 %,0
7a,Left to Efe Cemal,Küllüin,2,100 %,0 %,0
7a,bizim canımız yanmaz gardas,trebbana,2,100 %,0 %,0
6c,"Tenten konglomera""da",Mevlana,2,50 %,0 %,0
8a,Melting Souls,Unknown Sector,2,100 %,0 %,3
6a+,Amelos,Unknown Sector,2,100 %,0 %,0
5c,Southern Comfort,Sandal,2,100 %,50 %,5
6c+,Şili 'ye özgürlük,Unknown Sector,2,100 %,0 %,0
7a+,N/N,Esekuctu,2,100 %,50 %,5
7a,N.N.,Esekuctu,2,100 %,50 %,5
6a+,In drum,Küllüin,2,100 %,0 %,0
6b+,Flintstone Extension,Anatolia,2,100 %,0 %,2
7c+,Recycle,Unknown Sector,2,50 %,0 %,0
7b,Rock republic,Unknown Sector,2,50 %,0 %,0
8a,Havanna Club,Alabalik,2,0 %,0 %,0
6a+,Woodpecker from mars,Koridor,2,50 %,0 %,4
6a,60 is the 30,Unknown Sector,2,100 %,0 %,0
6b,Rocket pie,Unknown Sector,2,50 %,0 %,0
6b+,Takoz,Unknown Sector,2,100 %,0 %,5
7a,Bartabas,Unknown Sector,2,100 %,0 %,0
6b+,Barbarossa 15,Barbarossa,2,100 %,0 %,0
7a,Grashüpfer,Trebenna West,2,50 %,0 %,0
5c,Henkelei,Unknown Sector,2,100 %,50 %,5
7a,Never Kiss aDog,Unknown Sector,2,50 %,0 %,0
7a+,"Save the planet, kill gourself",Trebenna West/Right,2,100 %,0 %,0
6c,Afterparty,Küllüin,2,0 %,0 %,0
6a,Spider solitaire,Unknown Sector,2,100 %,0 %,0
6c,N.N.,Trebenna,2,100 %,0 %,0
6c+,rüzgarlý bahçe,Unknown Sector,2,50 %,0 %,0
5a,Cekosmatik Silikon,Kebap Left,2,100 %,0 %,1
7a+,Pockerface,Sarkit,2,100 %,0 %,0
7a+,Dejeneratyon,Rüzgarli Bahçe,2,100 %,50 %,5
7b,Matbiam,Unknown Sector,2,100 %,0 %,4
5a,N.N.,Sincap,2,100 %,0 %,0
6c,East End,Unknown Sector,2,100 %,0 %,0
6b,Hadi Sit,Geyik bayiri,2,100 %,0 %,0
6b,Happy birthday Tobbi,Right cave,2,50 %,0 %,0
7a+,Poker face,Unknown Sector,2,100 %,0 %,0
7c,Salamin Aleykum,Unknown Sector,2,0 %,0 %,5
6a,N.N.,Unknown Sector,2,100 %,0 %,0
7c,American airlines,Unknown Sector,2,0 %,0 %,5
6b,Mr.What What,Yilan,2,100 %,0 %,4
5c,Fotogene Route,Barbarossa,2,100 %,0 %,0
7a+,save planet kill yourself,Unknown Sector,2,50 %,0 %,0
7a+,Ramin/Bird of Prey,Magara,2,50 %,0 %,0
7b+,Sobotaj,Magara,2,0 %,50 %,5
6a,N.N. 13,Anatolia Right,2,50 %,0 %,5
7b,Diplomarbeit,Unknown Sector,2,0 %,0 %,4
7b,Turkiye' ye,Mevlana,2,50 %,0 %,0
7a+,Nemo,Unknown Sector,2,0 %,0 %,0
7a,Camelita,Unknown Sector,2,50 %,0 %,0
6b,Dumlipunar,Mevlana,2,50 %,0 %,0
7a+,Firespire,Unknown Sector,2,50 %,0 %,0
6b+,saksofon,Unknown Sector,2,50 %,0 %,4
6c,Es Sahaf,Ottoman,2,100 %,0 %,0
6b+,N.N.,Trebena,2,50 %,0 %,0
6b+,Welcom baby,Ottoman,2,50 %,0 %,1
6a+,No reservation,Kulluin Taras,2,100 %,0 %,0
7a+,"L,Empire Ottomann",Ottoman,2,100 %,0 %,2
7a+,Red Tank,Unknown Sector,2,50 %,0 %,4
4a,kurze romance,Gizmo 1,2,100 %,0 %,3
6a+,No Reservatione,Küllüin,2,100 %,0 %,0
7c,Beatz & Pieces,kaplumbağa,2,0 %,0 %,5
6b+,teenager on game,Citdibi,2,100 %,0 %,0
6b+,Bolder technical,Yenicay,2,50 %,0 %,0
6c,Antalya icin 747 nolu icus,Mevlana,2,50 %,0 %,0
6b,Der Steip Der Geib,Gizmo 1,2,100 %,0 %,0
7a,sunexpress,Unknown Sector,2,100 %,0 %,0
6b+,mum isiginda yemek left,Magara,2,100 %,0 %,0
6c+,Semzen,Mevlana,2,100 %,0 %,3
7a,Sucker Punched,Unknown Sector,2,100 %,50 %,5
7a+,Zalia,Unknown Sector,2,50 %,0 %,3
7a+,Geyikbayiri Jazzband,Sarkit,2,50 %,0 %,2
5c,An.Ni.Ka.,Trebenna east,2,50 %,50 %,1
7c+,Öküz öküz,Unknown Sector,2,50 %,0 %,5
6c+,Turkey Love,kaplumbağa,2,0 %,50 %,4
6c+,Dance with the Goats,Unknown Sector,2,100 %,0 %,3
6c,devamend,Poseidon,2,50 %,0 %,0
7b,Legenden Einer Leidenschaft,Unknown Sector,2,100 %,0 %,4
6a+,Halifenin yerideki halife,Barbarossa,2,100 %,0 %,0
7a+,Bird of prey,Mevlana,2,100 %,0 %,5
6a,Ana ist weg,Kulluin Teras,2,50 %,0 %,0
7c,Moonraker,Moon,2,0 %,0 %,0
7b,Climb Now,Alabalik balkon 4,2,100 %,0 %,1
6a,Pambe Hayaller,Alabalik Balkon,2,50 %,0 %,0
7a+,"Blood,Sweat & Tears",Gizmo,2,0 %,0 %,0
6a+,Muchahit,Mandela,2,100 %,0 %,4
6b,Alter Schutz Vor Bohrheit Nicht,Gizmo,2,50 %,0 %,5
6c+,Kaye ve reis,Alabalik,2,50 %,0 %,5
6c,Zlatai ducat,Toki,2,100 %,0 %,0
5a,Dirty route,Trebenna new,2,100 %,0 %,0
7c,Arsenik,Unknown Sector,2,0 %,0 %,4
7a+,Amele,Unknown Sector,2,50 %,0 %,0
5c,Ith feeling,Unknown Sector,2,100 %,0 %,3
6b,Yüzücü Trebenna,Trebenna West Extention 2,2,100 %,0 %,0
6b,Sheep in the Keep,Unknown Sector,2,0 %,50 %,3
5c,Solero,Unknown Sector,2,50 %,50 %,5
5c,Butterfly Boulevard,Unknown Sector,2,100 %,50 %,3
7a+,Serbesti stil,Alabalik,2,0 %,0 %,5
7c+,Into the wild extension,Trebenna West,2,50 %,0 %,5
6b+,Camelita,Turkish Standard,2,50 %,0 %,5
7b,Rattlessnake Salon,Trebena West,2,100 %,0 %,1
7b,Mum isiginda yemek,Unknown Sector,2,50 %,0 %,0
6b,Hasel,Trebenna West,2,50 %,0 %,0
7a,Chili con Pillar right,Alabalik,2,50 %,0 %,1
7b,Rattlesnake Saldon,Trebenna West 2,2,50 %,0 %,0
7a,terazi lastik gimnastik,Trebenna,2,50 %,0 %,0
6c,Bagdad caf�,Poseidon,2,50 %,0 %,3
5c,Alladin in Lambasi,Sarkit,2,100 %,0 %,0
5a,Little girl sunshine,Sarkit,2,100 %,0 %,0
6a,Pambe Hayaller,Alabalik Balkon,2,50 %,0 %,0
7a+,"Blood,Sweat & Tears",Gizmo,2,0 %,0 %,0
6a+,Muchahit,Mandela,2,100 %,0 %,4
6b,Alter Schutz Vor Bohrheit Nicht,Gizmo,2,50 %,0 %,5
6c+,Kaye ve reis,Alabalik,2,50 %,0 %,5
6c,Zlatai ducat,Toki,2,100 %,0 %,0
5a,Dirty route,Trebenna new,2,100 %,0 %,0
7c,Arsenik,Unknown Sector,2,0 %,0 %,4
7a+,Amele,Unknown Sector,2,50 %,0 %,0
5c,Ith feeling,Unknown Sector,2,100 %,0 %,3
6b,Yüzücü Trebenna,Trebenna West Extention 2,2,100 %,0 %,0
6b,Sheep in the Keep,Unknown Sector,2,0 %,50 %,3
5c,Solero,Unknown Sector,2,50 %,50 %,5
5c,Butterfly Boulevard,Unknown Sector,2,100 %,50 %,3
7a+,Serbesti stil,Alabalik,2,0 %,0 %,5
7c+,Into the wild extension,Trebenna West,2,50 %,0 %,5
6b+,Camelita,Turkish Standard,2,50 %,0 %,5
7b,Rattlessnake Salon,Trebena West,2,100 %,0 %,1
7b,Mum isiginda yemek,Unknown Sector,2,50 %,0 %,0
6b,Hasel,Trebenna West,2,50 %,0 %,0
6b,Mistaken,Unknown Sector,2,100 %,0 %,0
6b,Marlboro man,Sincap,2,50 %,50 %,4
8a,Kırmızı,Unknown Sector,2,0 %,50 %,5
8a+,Respect,Echoes Rıght,2,0 %,0 %,5
7a+,Goofy,Unknown Sector,2,50 %,0 %,3
7c+,Saklıkent Uzatma,Unknown Sector,2,50 %,0 %,0
7a+,Sagdan 2. Rota,Koridor,2,50 %,0 %,3
7c+,Air and style 2.L,Anatolia Sag,2,0 %,0 %,3
6b+,Bermuda pereieck (1p),Trebenna east,2,50 %,50 %,4
4c,Aorta,Heart,2,100 %,0 %,0
8a+,Berkin Anisina,Trebenna West,2,0 %,0 %,4
7c,Problem Yok,Unknown Sector,2,50 %,0 %,4
7b,Bienal Extantion,Toki,2,0 %,0 %,3
6c,on right to toxic gravity,Left Cave,2,100 %,0 %,5
5c,Foxy lady,Top Alanı,2,100 %,0 %,3
6a,between cosmic girl and imagination,Sarkit,2,50 %,50 %,5
4c,Zeytin,Zeytinlik,2,100 %,0 %,4
6b,left to Birt,Kanyon,2,100 %,100 %,5
6c+,Left of Boltrain Efendisi,Kanyon,2,100 %,50 %,4
6a,"1,5",Sincap,2,50 %,0 %,0
6c,Ali Baba Ve Kirk Haramiller,Cesme Sol (Left),2,100 %,0 %,0
7b,Rattelsnake Saloon,Unknown Sector,2,50 %,0 %,4
7a,Halifenin yerindeki,Barbarossa,2,100 %,50 %,5
5b,Ikiz,Unknown Sector,2,50 %,50 %,5
6a,Sado Maso,Anatolia,2,50 %,0 %,0
6b+,sincapyolu,Unknown Sector,2,50 %,0 %,3
6b+,Sultanatimet,Unknown Sector,2,100 %,0 %,0
7a,Left to Efe Cemal,Küllüin,2,100 %,0 %,0
7a,bizim canımız yanmaz gardas,trebbana,2,100 %,0 %,0
6c,"Tenten konglomera""da",Mevlana,2,50 %,0 %,0
5b,Pichnibulle,Poseidon,2,100 %,0 %,0
6b+,Maelstrom,Anatolia,2,100 %,0 %,3
7a,cresendo,Mevlana,2,0 %,0 %,0
6c+,Samuel,Left Cave,2,0 %,0 %,3
6a,Left to Biscolatta,Trebenna east,2,100 %,50 %,5
6a,S�t Cocugu,Sarkit,2,50 %,0 %,5
6c+,Stay Confused,Anatolia,2,100 %,0 %,4
6c+,İlahi adalet,Gizlibahce,2,100 %,50 %,4
6b,Poker yüzlü,Top Alanı,2,100 %,0 %,0
7b,Bir şey mi dedin Pavarotti,Gizlibahce,2,50 %,0 %,3
6c+,Samuel,Left Cave,2,0 %,0 %,3
7a,cresendo,Mevlana,2,0 %,0 %,0
6a,Haevensgate,Left Cave,2,100 %,0 %,0
6b,Poker yüzlü,Top Alanı,2,100 %,0 %,0
6c+,İlahi adalet,Gizlibahce,2,100 %,50 %,4
6a+,Of she goes,Koridor,2,100 %,0 %,2
7a+,Dekadans,Cesme,2,0 %,0 %,4
6c+,Zen Yoga,Ottoman,2,50 %,50 %,5
7b,Bir şey mi dedin Pavarotti,Gizlibahce,2,50 %,0 %,3
7b,Celik Kalp,Anatolia,2,50 %,0 %,0
6c,Pichnibulle,Poseidon,2,0 %,50 %,5
7a,N.N. (Project),Unknown Sector,1,0 %,0 %,0
6c+,Rock super star,Unknown Sector,1,0 %,0 %,3
6c,N.N. (voie Piola),Unknown Sector,1,100 %,0 %,3
7c,N.N. (Variante),Unknown Sector,1,100 %,0 %,3
6a+,Suzanne's mood,Unknown Sector,1,100 %,0 %,0
7a,Kaya,Unknown Sector,1,0 %,0 %,3
4a,Mektep,Unknown Sector,1,100 %,0 %,0
7b,Gravity Games,Unknown Sector,1,0 %,0 %,3
6c+,GLYMANOTURYS,Unknown Sector,1,0 %,0 %,5
7a,Bala,Unknown Sector,1,100 %,0 %,0
7a,N.N. (north face),Unknown Sector,1,100 %,0 %,5
6c+,WHITE STREAK,Unknown Sector,1,100 %,0 %,5
6c,Inordan,Unknown Sector,1,100 %,0 %,0
7b,Ramazotti Club,Sarkit,1,100 %,0 %,5
7c+,N.N.,güzel mansara,1,0 %,0 %,0
8a,N.N.,güzal mansara,1,0 %,0 %,0
5c,Mermaid,Cennet,1,100 %,0 %,0
6a+,Bismillah,Cennet,1,0 %,0 %,0
7a,N.N. (new route on pillar at Trebenna),Unknown Sector,1,100 %,0 %,3
6a,N.N. (to the right of kinetic koncert),Unknown Sector,1,100 %,0 %,3
6b,fight buhcer,trebenna middle,1,100 %,0 %,0
7b,elise,Trebenna West,1,100 %,0 %,0
6a,Top Gear,Alabalik,1,0 %,0 %,0
6a+,Sonnenhelfe,Güzel Manzara,1,0 %,0 %,0
6b,Baraz feltin,Unknown Sector,1,0 %,0 %,0
7b+,PROFESSIONAL FUCKERS,Unknown Sector,1,0 %,0 %,0
7a,korotkiy sleva,Mevlana,1,0 %,0 %,0
7b+,scientist,Unknown Sector,1,100 %,0 %,0
7c+,Colomania,Oekuezini,1,100 %,100 %,5
6b,kolay geysin,Unknown Sector,1,0 %,100 %,0
7a+,High Hope,Unknown Sector,1,100 %,0 %,0
6a+,Alabalýk,Alabalik,1,0 %,0 %,0
7b+,N.N. (white),Unknown Sector,1,0 %,0 %,0
7b,Cennet reloaded,Unknown Sector,1,100 %,0 %,5
7b+,N.N.,Trebenna West,1,0 %,0 %,5
6c,N.N. (es sahhaf)left),Ottoman,1,100 %,0 %,0
6b+,N.N.,Unknown Sector,1,0 %,0 %,0
7c,Develdance,Alabalik,1,0 %,0 %,1
7a,Pendent 2,Unknown Sector,1,100 %,0 %,5
6c+,Pendent 3,Unknown Sector,1,100 %,0 %,5
6a+,VIIIa,Zeytinlik,1,100 %,0 %,0
7a+,Piolla 2008,Mevlana,1,100 %,0 %,0
7a,N.N. (c),Unknown Sector,1,0 %,0 %,0
7a,N.N.,Unknown Sector,1,0 %,0 %,0
7c+,balcon,Trebenna West,1,0 %,0 %,0
7b,Luna Park Perseus,Left Cave,1,0 %,0 %,5
6a+,Bismihilla,Unknown Sector,1,100 %,0 %,0
6b,N.N. (nueva)L1+L2),Barbarossa,1,100 %,0 %,0
7a+,Pendent 1,Unknown Sector,1,0 %,0 %,5
7a,N.N.,Trebenna right,1,100 %,0 %,3
7b,N.N. (Some roof with jamming at top),Trebenna West,1,100 %,0 %,3
6b,N.N.,Alaaddin,1,100 %,0 %,0
6a+,Kür Kür,Unknown Sector,1,100 %,0 %,0
6c+,Ver Liebt Nach Anne,Deli Kasap,1,0 %,0 %,0
7a,N.N. (new 06-06-08),Trebenna,1,100 %,0 %,3
6a,N.N. (new),Cesme,1,100 %,100 %,1
7a,N.N.,Trebenna West,1,0 %,0 %,5
7a,Ny tur,Trebenna West,1,100 %,0 %,1
7a,N.N. (V),Unknown Sector,1,0 %,0 %,0
6b,Bellafront,Unknown Sector,1,100 %,0 %,0
7b,Diplomarbeit,Trebenna,1,0 %,100 %,0
6a,N.N.,Trebenna West,1,100 %,0 %,0
7a,Polish Joke,Unknown Sector,1,0 %,0 %,0
5c,Angel,Cennet,1,100 %,0 %,0
5c,Deja vú,Cennet,1,100 %,0 %,0
5c,Wicked Game,Cennet,1,100 %,0 %,0
7c,Maymun salyncagi,Right cave,1,0 %,0 %,5
5c,N.N.,Akyalar,1,100 %,0 %,0
7a+,Upper Cave New Overhang,Unknown Sector,1,0 %,0 %,0
7b,Ela,Unknown Sector,1,100 %,0 %,0
7a+,neue Route Cave,Sarkit,1,100 %,0 %,3
5b,N.N.,leftcave,1,0 %,0 %,0
6a,alaaddin in lambassi,Unknown Sector,1,0 %,0 %,0
6b,Seyazgeln,Unknown Sector,1,100 %,0 %,0
7c+,huy znayet zabyl,Left Cave,1,0 %,0 %,0
7b+,Huyaki Akbar,Sarkit,1,100 %,0 %,0
7c,Homeward Bound,Unknown Sector,1,0 %,0 %,5
7b,Into to the wild extension,Unknown Sector,1,100 %,0 %,0
8a,Go Milk a Cambodian,Trebenna,1,0 %,0 %,0
6b+,Kabilin Ucurtmalari,Alabalik,1,100 %,0 %,3
6b+,N.N. (right from Eclipse),Trebenna West,1,100 %,0 %,0
6b,N.N. (mevlana-barbarosa arası yeni rota),Unknown Sector,1,100 %,0 %,0
7c,S-Classe,Trabenna,1,0 %,0 %,5
7c,Schültel dein Speck,Unknown Sector,1,0 %,0 %,5
7b,Session Of Happiness L2,Anatolia,1,100 %,0 %,0
6c,Antalya Icin,Mevlana,1,100 %,0 %,3
7a,brazilia caranval,Alabalik,1,100 %,0 %,0
6b,Dürrem Sultan,Barbarossa,1,100 %,0 %,5
7a,Fight the Butcher,Unknown Sector,1,100 %,0 %,5
6c,Bagdad Cafe,Unknown Sector,1,100 %,0 %,5
6c+,Noel Baba,Unknown Sector,1,100 %,0 %,5
6b+,Hadi Predel,Unknown Sector,1,100 %,0 %,5
7b+,Düstü Düsecek,Unknown Sector,1,0 %,0 %,3
7a,Efe Cemal,Unknown Sector,1,0 %,0 %,3
6c,Ipak Yolu,Poseidon,1,100 %,100 %,0
6b,Ehe cemal,Unknown Sector,1,100 %,0 %,0
5c,N.N.,Küllüin,1,100 %,0 %,0
6c+,Second l?ve,Trebenna West,1,100 %,0 %,0
6c+,Ce n'est pas bleu,Ruzgarli Left,1,100 %,0 %,0
7c+,fun on the Sun,Mevlana,1,0 %,0 %,5
7c,Ten Ten Konglomera'da,Unknown Sector,1,100 %,0 %,3
5c,Welkome baby,Ottoman,1,100 %,0 %,0
7b,pipis and popos,Turkish Standard,1,100 %,0 %,0
7b,The Lycian Highway,Unknown Sector,1,100 %,0 %,0
7a+,T�rkiye'ye,Mevlana,1,0 %,100 %,5
7a,Soldan 3.rota,Esekuctu,1,100 %,0 %,0
7a+,eksplorer,Unknown Sector,1,0 %,0 %,0
7a+,Sailerin Sultani ext.,Barbarossa,1,0 %,0 %,1
7a+,Ah war ich doch,Unknown Sector,1,100 %,0 %,1
8b,Professur,Trebena,1,0 %,0 %,0
7c,Tanya,Trebenna,1,100 %,0 %,0
7b,Semazenin sagi,Unknown Sector,1,0 %,0 %,0
6a,Mıss pıggy,Kanyon left,1,100 %,0 %,0
5b,Hapy birtday peter,Gizmo 3,1,100 %,0 %,0
7a,L empireConre AttaqueExt,Ottoman,1,100 %,0 %,5
7c,selamin aleikum,Anatolia,1,100 %,0 %,3
7c,Selamin aleyküm,Unknown Sector,1,0 %,0 %,0
7b+,River dance,Unknown Sector,1,100 %,0 %,0
6c+,Rocket man,Unknown Sector,1,100 %,0 %,0
7b+,Fenster mit Aussicht,Unknown Sector,1,0 %,0 %,3
7a,Agustos Bosegi,Unknown Sector,1,100 %,0 %,0
7a,Cressendo,Unknown Sector,1,100 %,0 %,0
7a+,N.N. 4,Yeni Kanyon,1,0 %,0 %,5
6a,Spider Solitaire (Crag misspelled „ottoman“),Ottoman,1,100 %,0 %,1
6b+,Hart aber Hertzlich,Heart,1,0 %,0 %,1
6b,Bison,Sarkit,1,100 %,0 %,1
7a,Agusto Bocegi,Unknown Sector,1,100 %,0 %,0
6b+,Star Wars 1,Küllüin,1,0 %,0 %,0
7b,Soldan 12.,Trebenna/Patagonya,1,0 %,0 %,0
7a,psycho sheppard,Unknown Sector,1,100 %,0 %,0
7a,salt and pepper,okuzini,1,100 %,0 %,0
7b+,High voltage L1,Güzel Manzara,1,0 %,0 %,3
7a,Korana,Unknown Sector,1,0 %,0 %,0
6b,flying dudechman,Unknown Sector,1,100 %,0 %,0
6c,rüzgalı bahçe en soldaki rota,Unknown Sector,1,0 %,0 %,0
7c+,Goikalde berrikoa,Trebenna West,1,0 %,0 %,5
7a,N.N. (house),Trebenna West,1,100 %,0 %,5
7b,Matbaim,Trebenna,1,100 %,0 %,0
7a,Golden Rifle,Unknown Sector,1,100 %,0 %,5
7b+,N.N. 18,Trebenna West left,1,100 %,100 %,0
6c,Tuzdele,Trebenna West - Raki,1,100 %,0 %,5
7c,N.N.,Unknown Sector,1,100 %,0 %,0
8b,Mambo Kurt,Cesme,1,0 %,0 %,5
7a+,Flohwalzer,Unknown Sector,1,0 %,0 %,5
7a,Camelita,Unknown Sector,1,100 %,0 %,0
7a,Crescendo,Unknown Sector,1,100 %,0 %,0
7c,N.N.,Küllüin,1,100 %,0 %,0
7c+,Pumping on mother's breasts,Unknown Sector,1,0 %,0 %,1
7b,Pipis popos,Unknown Sector,1,100 %,0 %,0
6b,Passenger,Anatolia,1,100 %,0 %,0
7b,1 re von come as you are,Mevlana,1,100 %,0 %,0
7b,Demirkazık,Unknown Sector,1,100 %,0 %,0
6c+,Siri Birhtday Project,Turkish Standard,1,0 %,0 %,0
7b+,Boltarin,Kanyon,1,0 %,0 %,0
6c,akıntıya karşı yüzmek,Unknown Sector,1,100 %,0 %,0
7c,Escape to Paradise,Unknown Sector,1,0 %,0 %,0
7b+,Bittersweet,Unknown Sector,1,100 %,0 %,0
7a,Teraci lastik gimnastik,Unknown Sector,1,100 %,0 %,0
6c,hmmm3,new,1,100 %,0 %,0
7b,hmmm4,new,1,0 %,0 %,0
7a,hmmm2,new,1,0 %,0 %,0
6c+,hmmm1,new,1,100 %,0 %,0
5a,Gate,Unknown Sector,1,100 %,0 %,0
7b,Viagra,Sarkit,1,100 %,0 %,0
6b,Nirvana,Unknown Sector,1,100 %,0 %,0
6b+,Blue attack,Unknown Sector,1,100 %,0 %,0
7b,Blue hotel,Unknown Sector,1,100 %,0 %,0
7a+,JaJa city,Unknown Sector,1,100 %,0 %,0
7b,L'homme a L'envers,Unknown Sector,1,100 %,0 %,0
5c,11,Küllin1,1,100 %,0 %,0
5a,7,Sincap,1,100 %,0 %,0
4a,diagonal,derin çatlak,1,100 %,0 %,0
4a,derin çatlak 2,derin çatlak,1,100 %,0 %,0
6b,Makasu,Kekik,1,100 %,0 %,0
6b,N.N.,Esekuctu,1,100 %,0 %,3
7b,Come on come on come,Citdibi,1,100 %,0 %,3
5c,Hoş Geldiniz,Sandal,1,100 %,0 %,5
5c,Bayır 2 Ben 0,Unknown Sector,1,0 %,0 %,4
5b,Gündönümü,Top Alanı,1,100 %,0 %,3
6a,Ekmek,Zeytinlik,1,100 %,0 %,3
6a,Drama qeen,Sarkit,1,100 %,0 %,3
6a,Citywatch (1L),Güzel Manzara,1,100 %,0 %,0
5a,"2,5",sincap 2,1,100 %,0 %,0
6b+,Uckagitci Asih,Sarkit,1,100 %,0 %,0
6b,Toros,Dragon,1,100 %,0 %,0
7b+,S - class,Trebenna,1,100 %,0 %,0
6b+,Who are you,Unknown Sector,1,100 %,0 %,0
6a,�ikomigro,Dragon,1,100 %,0 %,1
6a+,Bırt,Kanyon left,1,100 %,0 %,0
5b,Cinfonic,Küllüin,1,100 %,0 %,0
6a,Pink pantera,Trebenna West,1,0 %,0 %,0
7a+,L empire Ottoman,Ottoman,1,100 %,0 %,5
6b,Lu,Unknown Sector,1,100 %,0 %,0
6b,Wrong Route,Mevlana,1,100 %,0 %,0
7a+,Drop zone,Unknown Sector,1,100 %,0 %,0
7a,Seek and destroy,Unknown Sector,1,100 %,0 %,0
7a,Crescendo,Unknown Sector,1,100 %,0 %,0
7c+,white spirit,Unknown Sector,1,0 %,0 %,5
7c+,white elephant,Unknown Sector,1,0 %,0 %,3
7a+,Beyaz sahin,Unknown Sector,1,100 %,0 %,0
7b+,Pompei,Unknown Sector,1,100 %,0 %,0
7a+,Little big wall,Unknown Sector,1,100 %,0 %,0
7a+,Kabilin Ucurtmalari,Unknown Sector,1,0 %,0 %,0
7b+,No Remorse,Unknown Sector,1,0 %,0 %,0
6c,Fanta 4,Unknown Sector,1,0 %,0 %,5
6c,Gozleme Station,Unknown Sector,1,0 %,0 %,5
7a+,Empire Ottoman,Unknown Sector,1,100 %,0 %,0
6b,N.N.,Echoes extention,1,100 %,0 %,0
7b,Kartal Yuvasi,Unknown Sector,1,100 %,0 %,0
6b+,Hart aber Hertzlich,Heart,1,0 %,0 %,1
6b,Bison,Sarkit,1,100 %,0 %,1
7a,Agusto Bocegi,Unknown Sector,1,100 %,0 %,0
6b+,Star Wars 1,Küllüin,1,0 %,0 %,0
7b,Soldan 12.,Trebenna/Patagonya,1,0 %,0 %,0
7b+,Soldan 13.,Trebenna/Patagonya,1,0 %,0 %,0
6c,Barbarossa 13,Barbarossa,1,0 %,0 %,0
7a+,Kelebegin,Alibalik,1,0 %,0 %,0
7a,Due Strazioni,Alabalik,1,0 %,0 %,0
7a+,Serbest Still,Alabalik,1,100 %,0 %,1
6b+,Sut Cocogu,Sarkit,1,100 %,0 %,3
6a+,N.N.,Anatolia,1,100 %,0 %,1
7a,N.N. (2b),Unknown Sector,1,0 %,0 %,0
7b+,Terazi lastik jimnastik (2. l),Trebenna West,1,0 %,0 %,5
7a+,N.N. (Havla),Alabalik,1,0 %,0 %,0
7a,Imagination 2.Seillänge,Sarkit,1,100 %,0 %,0
6a,Nulle part ailleurs,de que fas aqui?,1,100 %,100 %,5
6c,Drill Inspector,Unknown Sector,1,100 %,0 %,0
5c,Piano Hands,Unknown Sector,1,0 %,0 %,3
6a+,No Gearrr,Unknown Sector,1,100 %,100 %,5
6a,Sauberflöte,Heart,1,100 %,0 %,0
7c+,Les couleurs de l eau,Unknown Sector,1,0 %,0 %,0
7b+,Love Hurts,Unknown Sector,1,100 %,0 %,0
6b,Haven's Gate 1,Gizmo,1,100 %,0 %,0
5a,Y right,Sincap,1,100 %,0 %,1
7c,Patagonia,Unknown Sector,1,0 %,0 %,0
7a+,Drakula,Unknown Sector,1,100 %,0 %,0
5b,Roots of stone,Güzel Manzara,1,100 %,0 %,0
6a,Shairelin sultani,Barbarossa,1,100 %,0 %,0
6a+,Halife,Barbarossa,1,0 %,0 %,0
5b,Lo la,Turkish Standard,1,100 %,0 %,0
5c,Suhsi,Gizlibahce,1,100 %,0 %,5
5b,Mehtep,Gizlibahce,1,100 %,0 %,5
5a,Y left,Sincap,1,100 %,0 %,1
5c,Left of Aramis new route,Koridor,1,100 %,0 %,3
7a,Uyuni,Unknown Sector,1,100 %,0 %,0
7c+,Evde Kalma,Unknown Sector,1,0 %,0 %,0
6b,Lunapark,Unknown Sector,1,0 %,0 %,0
7c,Dickman,Unknown Sector,1,0 %,0 %,0
6c,N.N. (FEMA end),Poseidon,1,100 %,0 %,0
7c,Name in chalk L2,Anatolia,1,0 %,0 %,0
7b,Bineal,Toki,1,0 %,0 %,3
7a+,serbest stil,Unknown Sector,1,0 %,0 %,0
7c+,Arc'teryx,Alabalik,1,0 %,0 %,0
6c+,N.N.,Unknown Sector,1,0 %,0 %,0
7b,Flintstone,Anatolia,1,100 %,0 %,0
7b+,Dyno-sore,Unknown Sector,1,100 %,0 %,5
7a,Eşek uçtu sağ,Unknown Sector,1,100 %,0 %,0
7b,Soldan 10.,Esekuctu,1,0 %,0 %,0
5c,Alabalik henkelei,Alabalik,1,100 %,0 %,0
6b,Barbarossa hurrem sultan,Barbarossa,1,100 %,0 %,0
6c,Tentem konglomera'da,Mevlana,1,100 %,0 %,0
7b+,Melting soul,Sarkit Left,1,100 %,0 %,0
7a,Bizim canimiz yanmazgardas,Trebenna West 4,1,100 %,0 %,0
7a,Imegination,Sarkit Left,1,100 %,0 %,0
6c+,Akintiya Krasi Yuzmek,Geyik bayiri,1,100 %,100 %,0
7b,Bakthi Yoga,Ottaman,1,0 %,0 %,0
6a,SulCocugü,Sarkit,1,100 %,0 %,3
7a,Halifen in Yerindeki Helife,Barbarossa,1,100 %,0 %,5
7b+,Born to Run,Alabalik,1,0 %,100 %,0
6a+,kleines scharfes Ding,Sincap,1,100 %,0 %,0
8a,Melodram extantion 2,Sarkit,1,0 %,0 %,0
7c+,Maelstrom extantion,Anatolia,1,0 %,0 %,0
7a+,Nagelstudio Stereo L2,Güzel Manzara,1,100 %,0 %,0
6c+,hmmm1,new,1,100 %,0 %,0
6c,hmmm3,new,1,100 %,0 %,0
7b,hmmm4,new,1,0 %,0 %,0
7a,hmmm2,new,1,0 %,0 %,0
5a,Gate,Unknown Sector,1,100 %,0 %,0
7b,Viagra,Sarkit,1,100 %,0 %,0
6b,Nirvana,Unknown Sector,1,100 %,0 %,0
6b+,Blue attack,Unknown Sector,1,100 %,0 %,0
7b,Blue hotel,Unknown Sector,1,100 %,0 %,0
7a+,JaJa city,Unknown Sector,1,100 %,0 %,0
7b,L'homme a L'envers,Unknown Sector,1,100 %,0 %,0
7b,Montenegro,Unknown Sector,1,100 %,0 %,0
7a+,Amele,Unknown Sector,1,100 %,0 %,0
6a,Muhtar,Unknown Sector,1,100 %,0 %,0
6b+,Red attack,Unknown Sector,1,100 %,0 %,0
6b,Dumlupinar,Unknown Sector,1,100 %,0 %,0
7c,The Gathering,Trebenna,1,0 %,0 %,0
6b+,RAMIN/BIRD OF PREY,Unknown Sector,1,0 %,0 %,3
7a+,Sailerin Sultan,Unknown Sector,1,100 %,0 %,0
7a,ten years,Unknown Sector,1,100 %,0 %,0
6c,Ipec Yolu,Poseidon,1,100 %,0 %,0
6b+,Brio de Flemenco,Barbarossa,1,100 %,0 %,0
6a,Muhutar,Unknown Sector,1,100 %,0 %,0
6b,wating for holidays,Mevlana,1,100 %,0 %,0
7c,otnzbir,Anatolia,1,0 %,0 %,0
6c+,TAC,Trebenna,1,100 %,0 %,0
6a,N.N.,Güzel Manzara,1,100 %,0 %,0
6c,Ala Daglar,Unknown Sector,1,100 %,0 %,0
6a+,Popodusa rock 'n roll,Heart left,1,100 %,0 %,0
6b+,N.N. 14,Barbarossa,1,0 %,0 %,0
7a+,Bird of Prey,Unknown Sector,1,100 %,0 %,0
7c,N.N.,Citdibi,1,0 %,0 %,0
6c,Ederle,Unknown Sector,1,100 %,0 %,5
7b,N.N.,Mevlana,1,100 %,0 %,0
6b+,Uckagitci,Unknown Sector,1,0 %,0 %,1
6c+,Emeki to Nadagaskar,Güzel Manzara,1,100 %,0 %,0
7c+,Parallel Univers,Alabalik,1,0 %,0 %,5
6c,Muskelkatr,Unknown Sector,1,100 %,0 %,0
6b+,Schacmatt,Dragon,1,0 %,0 %,0
7b,Blue Hotel,Unknown Sector,1,100 %,0 %,5
7b+,Sloper poker,Unknown Sector,1,100 %,0 %,0
7a,Otolastic,rusgarli bahce,1,100 %,100 %,0
5c,Fiene sahne fischfilet,Mandela,1,0 %,0 %,0
6c+,Captain Kirk,Anatolia Right,1,0 %,0 %,0
6a+,Julia+Romeo,Turkish Standard,1,100 %,0 %,0
6b+,Hart aber Herzlich,Unknown Sector,1,100 %,0 %,3
6c+,Ce n'est pas bleau,Unknown Sector,1,0 %,0 %,3
6c+,T.H.C.,Unknown Sector,1,100 %,0 %,3
6c,Tiger touches sky,Unknown Sector,1,0 %,0 %,0
6b,Bizon,Unknown Sector,1,100 %,100 %,0
7a,Locki,Unknown Sector,1,0 %,0 %,0
6c,Demzvend,Poseidon,1,100 %,0 %,3
6c+,No women no cry,Unknown Sector,1,100 %,0 %,5
6b+,Triologie,Unknown Sector,1,100 %,0 %,3
7a+,Kabilin Urcurtmalari,Alabalik,1,0 %,0 %,5
6c+,Kapt'n'kirk,Unknown Sector,1,100 %,0 %,3
5b,"Firestarter,supernova",Left Cave,1,100 %,0 %,0
7a,Sucker Punched,Trebenna,1,0 %,0 %,0
7a,N.N.,Anatolia Right,1,0 %,0 %,0
6c,Tozen,Trebena,1,0 %,0 %,0
6c,ribolos,Mevlana,1,100 %,0 %,0
6b+,Baby on Crack,Unknown Sector,1,100 %,0 %,0
6a,bıngıl hanımın dusleri,Citdibi,1,100 %,0 %,0
6a,surya namaskar,Citdibi,1,100 %,0 %,0
6a,lycian highway,Unknown Sector,1,100 %,0 %,0
6c,Es Sahhaf,Unknown Sector,1,100 %,0 %,0
7a,Jimnastik,Trebenna,1,0 %,0 %,3
6a+,crying boy,Unknown Sector,1,100 %,0 %,0
7b+,playing for change p1,Unknown Sector,1,100 %,0 %,0
8a,Playing for change p2,Unknown Sector,1,0 %,0 %,0
6b,Unbreakeable,Alaaddin,1,100 %,0 %,0
6b,L'home a'lenvers,Alabalik,1,100 %,0 %,0
6c+,Mezarlariniza tukuricem,Sarkit,1,100 %,0 %,5
6a+,Sudkante,Unknown Sector,1,100 %,0 %,0
7a+,Kan ?zi,Yilan,1,0 %,0 %,0
6c+,N.N.,Kulluin4,1,0 %,0 %,3
7b,caveline magara,Unknown Sector,1,0 %,0 %,5
7a,Torus,Unknown Sector,1,100 %,0 %,3
7a+,N.N.,Trebena West,1,0 %,0 %,5
8a+,N.N. (droite de turkish),Mevlana,1,0 %,0 %,5
7a+,Hand boiled Wonderland,Günzel Manzara,1,100 %,0 %,0
6b+,Arkadan,Unknown Sector,1,100 %,0 %,3
6c,Tuzdede,Unknown Sector,1,100 %,0 %,5
6b+,Aquaplan,Unknown Sector,1,100 %,0 %,5
6c+,In Ordan,Unknown Sector,1,100 %,0 %,0
6a,N.N.,Sarkit Left,1,100 %,0 %,3
6b,Kolay Gelsin,Unknown Sector,1,0 %,0 %,0
6c+,Eclipse,Unknown Sector,1,100 %,0 %,5
6c+,Into the Wild,Unknown Sector,1,100 %,0 %,5
7a,Sakizine,Unknown Sector,1,100 %,0 %,5
7a,Winger food,Alabalik Balkon,1,0 %,0 %,0
6c+,N.N.,Unknown Sector,1,100 %,0 %,1
7a+,davinci mode,Unknown Sector,1,0 %,0 %,0
6c+,Chili con Carne,Alabalik,1,0 %,0 %,0
7a,Yilan,Left Cave,1,0 %,0 %,0
7a+,türkiye 'ye,Unknown Sector,1,0 %,0 %,0
6c,Keyir Keyir,Geyik,1,100 %,0 %,0
6b+,Crystal Crag,Unknown Sector,1,0 %,0 %,0
6c+,gekko kebab,Kebap,1,100 %,0 %,0
7b+,New Fuking Generation,Ruzgarli Bahce,1,0 %,0 %,0
6c,drill instructor,Unknown Sector,1,100 %,0 %,0
6a,N.N.,Trebena,1,100 %,0 %,0
6b,yasabir,Mevlana,1,100 %,0 %,0
7a,lucky,Unknown Sector,1,100 %,0 %,0
6c,tuzbede,Unknown Sector,1,100 %,0 %,0
6b+,Baby on Crack,Unknown Sector,1,100 %,100 %,5
7c+,Lion,Trebenna,1,0 %,0 %,3
5a,kynetic koncert,Left Cave,1,100 %,0 %,0
6b,"L,home a,lenvers",Alabalik,1,0 %,0 %,0
7c,Jim beam,Unknown Sector,1,100 %,0 %,0
7c,seleman alekum,Unknown Sector,1,100 %,0 %,0
7a,augustas bocegi,Unknown Sector,1,100 %,0 %,0
6b,Uran Teneke,Magara,1,0 %,0 %,0
6b+,Hürrem Sultani,Unknown Sector,1,100 %,0 %,1
5b,Mekter,Gizlibahce,1,100 %,0 %,0
6b+,Mum isiginda yemek (sol/left),magara right,1,0 %,0 %,0
6c,Antalya icin 747 nolu ucos,Mevlana,1,0 %,0 %,0
7a+,Deyenenesyan,Rüzgazli,1,100 %,0 %,0
6a,N.N.,Anatolia Right,1,100 %,0 %,1
6a+,Gremlin's edge,Unknown Sector,1,100 %,0 %,0
7b,julia and romeo,Unknown Sector,1,0 %,0 %,0
7b,Isiginda yemek,Unknown Sector,1,0 %,0 %,3
6b+,Stalactozaurus,Alabalik,1,0 %,100 %,5
7a,Ny led,Anatolia,1,100 %,0 %,0
7a+,Crescndo,Mevlana,1,100 %,0 %,0
6c+,Emikli to Madagaskar,Güzel Manzara,1,100 %,0 %,0
6c+,Siri Birthday Projekt,Turkish Standard,1,100 %,0 %,0
6b+,Adka Özlem,Unknown Sector,1,100 %,0 %,3
4a,Roots of stone love,Güzel Manzara,1,0 %,0 %,0
7a+,Dejenerasyon,Unknown Sector,1,0 %,0 %,3
7b+,Kretel,Trebenna West Extension 3,1,0 %,0 %,0
6a+,No reservations,Unknown Sector,1,100 %,0 %,0
6b,Hobbitt,Unknown Sector,1,100 %,0 %,0
7a+,Life is what you choose,Unknown Sector,1,100 %,0 %,5
6b+,Sultanahmet,Unknown Sector,1,100 %,0 %,5
6c+,Don't eat my house,Unknown Sector,1,100 %,0 %,5
7a,newone1,Küllüin,1,100 %,0 %,3
5a,Night Scapes,Trebenna West,1,100 %,0 %,0
6b+,Westend,Unknown Sector,1,100 %,0 %,5
7a,Jungle Speed,Unknown Sector,1,0 %,0 %,5
6c,Dermavend,Poseidon,1,100 %,0 %,0
6c+,Starten på Anaconda,Trebenna West,1,0 %,0 %,3
6c+,Kirli köpele,Unknown Sector,1,100 %,0 %,0
6a+,Rantane,Gizmo 2,1,100 %,0 %,0
7a+,Spanish thanksgiving,Alabalik,1,100 %,0 %,1
5a,Renger trevel,Trebenna West Orta,1,100 %,0 %,0
5c,Lycian Highwey,Trebenna West Orta,1,100 %,100 %,0
6a+,buysense,Barbarossa,1,100 %,0 %,0
6b,brazil carnavaller,Toki,1,100 %,0 %,0
7a+,"Blood, Sweat & Tears",Gizmo,1,100 %,0 %,5
6c,Elettra,Alcyone,1,100 %,0 %,3
6b,Budha's Revenge,Moon,1,100 %,0 %,0
7b+,Slooperpoker,Unknown Sector,1,0 %,0 %,0
6a+,Cutlerk?,Unknown Sector,1,100 %,0 %,0
6b+,Brio De Flamenco L2,Barbarossa,1,100 %,0 %,5
7a+,N.N.,Ottoman,1,100 %,0 %,0
6c+,Zen attune,Mevlana,1,0 %,0 %,0
6c+,trebanna,Unknown Sector,1,100 %,0 %,0
6b+,N.N.,Ottoman,1,0 %,0 %,3
6a,S��es Leben,Deli Kasap,1,100 %,0 %,3
6b+,Adka �zlem,Turkish Standard,1,0 %,0 %,5
7b,Turkiye'ye (?),Mevlana,1,0 %,0 %,3
7a,Scorpion,Unknown Sector,1,100 %,0 %,0
6b+,Sirdan Dolmasi,Unknown Sector,1,100 %,0 %,0
6b+,tiger touches,Unknown Sector,1,0 %,0 %,0
7a+,Gretel,Trebena West,1,100 %,100 %,5
7a+,Efe Cemalin solu yeni rota,Küllüin,1,0 %,0 %,3
6c+,yeni rota kulluinde,Küllüin,1,100 %,0 %,3
6b+,Koyboy kahvesi,Küllüin,1,100 %,0 %,0
7a+,Bog bocegi,Kanyon sol,1,100 %,0 %,0
7b,Lycian Highway,Trebene,1,100 %,0 %,0
6c,Akıntıya Karşı Yüzmek,Trebenna West,1,0 %,0 %,0
6a,Muhtar,Unknown Sector,1,100 %,0 %,3
6a+,No reservationes,Teras Right,1,100 %,0 %,0
7c+,Fixed draws,Trebenna,1,100 %,0 %,0
6a,111,Gizmo 3,1,0 %,0 %,0
7a,Big Blind L1,Sarkit Sol (Left),1,0 %,0 %,0
7b+,N.N. (7b+/7c),Trebenna West,1,0 %,0 %,5
7b,Gathering,Trebenna,1,100 %,0 %,0
6a+,Alaaddin,Unknown Sector,1,100 %,0 %,0
7c,Miauu ? nouvelle voie(l1 7a),Unknown Sector,1,100 %,0 %,0
7a,N.N.,Anatolia,1,100 %,0 %,3
6b+,dragon,Unknown Sector,1,0 %,0 %,0
7a+,l'envers,Mevlana,1,100 %,0 %,0
6c,Unter Strom,Unknown Sector,1,100 %,0 %,0
7b,romeo Juliet,Unknown Sector,1,0 %,0 %,0
6b,Acuaplan,Trebena West,1,100 %,0 %,0
7a,Eneco's last dance,Unknown Sector,1,100 %,0 %,0
7b+,Fenter mit aussicht,Unknown Sector,1,100 %,0 %,0
6a+,Brazil Carnaval,Unknown Sector,1,100 %,0 %,0
7a,newone2,Küllüin,1,100 %,0 %,5
7a,NewLongOne,Trebenna east,1,100 %,0 %,5
6b+,newone wit 7a+ext,Trebenna east,1,100 %,0 %,3
7a+,Bermuda Dreieck L2,Unknown Sector,1,0 %,0 %,5
7a,yeni rota,trabenna new,1,100 %,0 %,0
7a+,Petit suisses et yaourt,Citdibi,1,100 %,0 %,5
7b,Playing for change,Citdibi,1,100 %,0 %,5
6c,Angel wings,Unknown Sector,1,100 %,0 %,0
6b+,Kov Boy Kahresti,Unknown Sector,1,100 %,0 %,0
5c,Tape kadastro,Unknown Sector,1,100 %,0 %,0
6b+,gangster barut,Turkish Standard,1,0 %,0 %,0
6c,bağdat kafe,Poseidon,1,0 %,0 %,0
7a+,N.N.,Alabalik,1,100 %,100 %,0
6a+,hamem rulkan,Barbarossa,1,0 %,0 %,0
6c+,cen'est past bleau,Unknown Sector,1,0 %,0 %,0
7b+,Düsüzük,Unknown Sector,1,0 %,0 %,0
6a+,citywall,Güzel Manzara,1,100 %,0 %,0
6c+,rocket woman,Left Cave,1,100 %,0 %,0
7a,Bizim Canmiz,Trebenna West,1,100 %,0 %,0
6b,D�ngel M�zikhol,Yilan,1,100 %,0 %,3
6b,L�homme � l'envers,Alabalik,1,100 %,0 %,3
6b,Rentoros,Ottoman,1,100 %,0 %,0
6c,Bagdat Cafe,Poseidon,1,0 %,0 %,0
7a,N.N.,Alabalik,1,100 %,0 %,3
7a+,N.N.,Mevlana,1,0 %,0 %,5
7b,barbarossa/ottoman?,Unknown Sector,1,100 %,0 %,0
6b+,tiger touches,Unknown Sector,1,0 %,0 %,0
7a+,Gretel,Trebena West,1,100 %,100 %,5
7a+,Efe Cemalin solu yeni rota,Küllüin,1,0 %,0 %,3
6c+,yeni rota kulluinde,Küllüin,1,100 %,0 %,3
6b+,Koyboy kahvesi,Küllüin,1,100 %,0 %,0
7a+,Bog bocegi,Kanyon sol,1,100 %,0 %,0
7b,Lycian Highway,Trebene,1,100 %,0 %,0
6c,Akıntıya Karşı Yüzmek,Trebenna West,1,0 %,0 %,0
6a,Muhtar,Unknown Sector,1,100 %,0 %,3
6a+,No reservationes,Teras Right,1,100 %,0 %,0
7c+,Fixed draws,Trebenna,1,100 %,0 %,0
6a,111,Gizmo 3,1,0 %,0 %,0
7a,Big Blind L1,Sarkit Sol (Left),1,0 %,0 %,0
7b+,N.N. (7b+/7c),Trebenna West,1,0 %,0 %,5
7b,Gathering,Trebenna,1,100 %,0 %,0
6a+,Alaaddin,Unknown Sector,1,100 %,0 %,0
7c,Miauu ? nouvelle voie(l1 7a),Unknown Sector,1,100 %,0 %,0
7a,N.N.,Anatolia,1,100 %,0 %,3
6b+,dragon,Unknown Sector,1,0 %,0 %,0
7a+,l'envers,Mevlana,1,100 %,0 %,0
7a,Seek and destroy,Unknown Sector,1,100 %,0 %,0
7a,Crescendo,Unknown Sector,1,100 %,0 %,0
7c+,white spirit,Unknown Sector,1,0 %,0 %,5
7c+,white elephant,Unknown Sector,1,0 %,0 %,3
7a+,Beyaz sahin,Unknown Sector,1,100 %,0 %,0
7b+,Pompei,Unknown Sector,1,100 %,0 %,0
7a+,Little big wall,Unknown Sector,1,100 %,0 %,0
7a+,Kabilin Ucurtmalari,Unknown Sector,1,0 %,0 %,0
7b+,No Remorse,Unknown Sector,1,0 %,0 %,0
6c,Fanta 4,Unknown Sector,1,0 %,0 %,5
6c,Gozleme Station,Unknown Sector,1,0 %,0 %,5
7a+,Empire Ottoman,Unknown Sector,1,100 %,0 %,0
5a,Cosmic power,Unknown Sector,1,100 %,0 %,0
6c+,After party,Unknown Sector,1,100 %,0 %,0
5b,Burkini,Unknown Sector,1,100 %,0 %,0
5c,Daft punk,Unknown Sector,1,100 %,0 %,0
6a,Taş ocağı,Unknown Sector,1,100 %,0 %,0
6b,N.N.,Echoes extention,1,100 %,0 %,0
7b,Kartal Yuvasi,Unknown Sector,1,100 %,0 %,0
6b,Totos,Unknown Sector,1,100 %,0 %,0
7a+,euro 7 lira,Unknown Sector,1,0 %,0 %,0
6b+,korıdor sec/en sol,Unknown Sector,1,100 %,0 %,0
6b+,Schatch Matt,Dragon,1,100 %,100 %,5
6b,Totosh,Dragon,1,100 %,0 %,1
5c,Ahtung Baby,Ottoman,1,100 %,0 %,0
5b,Roots of stone,Güzel Manzara,1,100 %,0 %,0
6a,Shairelin sultani,Barbarossa,1,100 %,0 %,0
6a+,Halife,Barbarossa,1,0 %,0 %,0
5a,Havens cate,Left Cave,1,100 %,0 %,0
6b+,Kovboy Kahbesi,Küllüin,1,100 %,0 %,3
6a,Sauberflöte,Heart,1,100 %,0 %,0
7c,Miaau,Unknown Sector,1,100 %,0 %,1
7c+,Les couleurs de l eau,Unknown Sector,1,0 %,0 %,0
5b,Lo la,Turkish Standard,1,100 %,0 %,0
7b,Mum isiginda Yemek(Sag/right),Unknown Sector,1,100 %,0 %,0
6c+,Patlican,Unknown Sector,1,100 %,0 %,0
6c,Despacito,Unknown Sector,1,100 %,0 %,0
6b+,Tesaduf,Unknown Sector,1,0 %,0 %,0
7b+,Love Hurts,Unknown Sector,1,100 %,0 %,0
6b,Haven's Gate 1,Gizmo,1,100 %,0 %,0
7c,S-Classe,Trabenna,1,0 %,0 %,5
7c,Schültel dein Speck,Unknown Sector,1,0 %,0 %,5
7b,Session Of Happiness L2,Anatolia,1,100 %,0 %,0
6c,Antalya Icin,Mevlana,1,100 %,0 %,3
7a,brazilia caranval,Alabalik,1,100 %,0 %,0
6b,Dürrem Sultan,Barbarossa,1,100 %,0 %,5
7a,Fight the Butcher,Unknown Sector,1,100 %,0 %,5
6c,Bagdad Cafe,Unknown Sector,1,100 %,0 %,5
6c+,Noel Baba,Unknown Sector,1,100 %,0 %,5
6b+,Hadi Predel,Unknown Sector,1,100 %,0 %,5
7b+,Düstü Düsecek,Unknown Sector,1,0 %,0 %,3
7a,Efe Cemal,Unknown Sector,1,0 %,0 %,3
6c,Ipak Yolu,Poseidon,1,100 %,100 %,0
6b,Ehe cemal,Unknown Sector,1,100 %,0 %,0
5c,N.N.,Küllüin,1,100 %,0 %,0
6c+,Second l?ve,Trebenna West,1,100 %,0 %,0
6c+,Ce n'est pas bleu,Ruzgarli Left,1,100 %,0 %,0
7c+,fun on the Sun,Mevlana,1,0 %,0 %,5
7c,Ten Ten Konglomera'da,Unknown Sector,1,100 %,0 %,3
5c,Welkome baby,Ottoman,1,100 %,0 %,0
6b,Makasu,Kekik,1,100 %,0 %,0
6b,N.N.,Esekuctu,1,100 %,0 %,3
6c+,N.N.,Doyran,1,0 %,0 %,5
7b,Come on come on come,Citdibi,1,100 %,0 %,3
8a,Game of Thrones Extension,Esekuctu,1,0 %,0 %,5
7a,Trilogie,Trebenna,1,100 %,0 %,4
6a,N. N,Sarkit,1,100 %,0 %,3
6a+,Noname between Global Warming and Unter Storm,Left Cave,1,100 %,0 %,0
5c,Hoş Geldiniz,Sandal,1,100 %,0 %,5
5c,Bayır 2 Ben 0,Unknown Sector,1,0 %,0 %,4
6c,Mira que tinc,Dragon,1,0 %,0 %,0
6c,Alkalika,Top Alanı,1,100 %,0 %,0
6a,Taciz,Zeytinlik,1,0 %,100 %,5
5b,Gündönümü,Top Alanı,1,100 %,0 %,3
6a,Ekmek,Zeytinlik,1,100 %,0 %,3
6a,Drama qeen,Sarkit,1,100 %,0 %,3
5c,Anonim,Gizlibahce,1,0 %,0 %,3
8a,aquaplan,Trebenna West,1,100 %,0 %,0
8b+,Red is dead,Reverrance,1,0 %,100 %,5
7c,Everyday Rosydays,Reverrance,1,100 %,100 %,5
7b,N.N.,Trebenna West,1,100 %,0 %,1
7b,Saxafon-Skyline,Sarkit,1,0 %,0 %,5
7a+,Talisman,Unknown Sector,1,100 %,0 %,0
6a+,Yýlan,Yilan,1,0 %,0 %,0
6a,bigwalhalla,Güzel Manzara,1,0 %,0 %,0
7a+,ZEN KACIKLARI,Unknown Sector,1,0 %,0 %,0
6b+,N.N. (left of Crimson),Poseidon,1,0 %,0 %,0
7a,psycho sheppard,Unknown Sector,1,100 %,0 %,0
7a,salt and pepper,okuzini,1,100 %,0 %,0
7b+,High voltage L1,Güzel Manzara,1,0 %,0 %,3
7a,Korana,Unknown Sector,1,0 %,0 %,0
6b,flying dudechman,Unknown Sector,1,100 %,0 %,0
6c,rüzgalı bahçe en soldaki rota,Unknown Sector,1,0 %,0 %,0
7c+,Goikalde berrikoa,Trebenna West,1,0 %,0 %,5
7a,N.N. (house),Trebenna West,1,100 %,0 %,5
7b,Matbaim,Trebenna,1,100 %,0 %,0
7a,Golden Rifle,Unknown Sector,1,100 %,0 %,5
7b+,N.N. 18,Trebenna West left,1,100 %,100 %,0
6c,Tuzdele,Trebenna West - Raki,1,100 %,0 %,5
7c,N.N.,Unknown Sector,1,100 %,0 %,0
8b,Country diamond,Echoes,1,0 %,0 %,0
6a+,kleines scharfes Ding,Sincap,1,100 %,0 %,0
8a,Game of trance,Sikret Sektor,1,100 %,100 %,0
5c+,Le bombe ble,Poseidon,1,100 %,0 %,4
5a,Black sheep,Sarkit,1,0 %,0 %,0
7c+,Melodram extantion,Sarkit,1,0 %,0 %,0
8a,Melodram extantion 2,Sarkit,1,0 %,0 %,0
6a,Kardes,Zeytinlik,1,0 %,100 %,5
6c,Der neue stecher,Moon,1,100 %,0 %,1
7c+,Maelstrom extantion,Anatolia,1,0 %,0 %,0
6b,Unicycle,laboratuvar,1,0 %,0 %,5
7a+,Nagelstudio Stereo L2,Güzel Manzara,1,100 %,0 %,0
7a,No name,Rüzgarli Bahçe,1,0 %,0 %,4
7a,Le pilier des roumis,Poseidon,1,0 %,100 %,5
8b,Ninja Skills,Akdeniz,1,0 %,100 %,5
6b,Cayon Misstaken,Kanyon,1,100 %,0 %,3
6b+,Sun attack,Gizlibahce,1,100 %,100 %,5
7b+,Yarasa Ol (ext.),Alabalik,1,0 %,0 %,1
5c,KÖSEYI DÖNECEGIM,Top Alanı,1,100 %,100 %,5
6b,Manyana,Unknown Sector,1,100 %,0 %,0
6a+,Session of Hapiness,Anatolia Sag,1,0 %,0 %,0
6b+,Comftably,Echoes,1,100 %,0 %,0
6a,En Iyisi o (Neco),Poseidon,1,100 %,0 %,0
7c+,Sunatorium,Cesme,1,0 %,0 %,4
8a,Big Foot,Unknown Sector,0,0 %,0 %,0
