grade,name_clean,sector,sector_clean,ascents,fos_ratio,recommendation,stars
8b,4X4,Akdeniz,Akdeniz,12,0.0,0.0,3
7b+,Akdeniz,Akdeniz,Akdeniz,13,0.31,0.15,4
7a+,Atatürk,Akdeniz,Akdeniz,2,0.5,0.0,3
6c,Bebe Biskuvi,Akdeniz,Akdeniz,34,0.68,0.03,3
7c+,Django,Akdeniz,Akdeniz,5,0.0,0.0,4
7b+,Jose Bove,Akdeniz,Akdeniz,42,0.21,0.07,3
8a,Katil kim,Akdeniz,Akdeniz,32,0.09,0.25,4
8a,Metallica,Akdeniz,Akdeniz,76,0.09,0.2,4
8b,Ninja Skills,Akdeniz,Akdeniz,1,0.0,1.0,5
6b+,Pers arjantin,Akdeniz,Akdeniz,34,0.88,0.18,4
8b,Savaşma Seviş,Akdeniz,Akdeniz,20,0.0,0.15,4
6c+,Squirrel Nut Zippers,Akdeniz,Akdeniz,28,0.86,0.07,4
7a,Squirrel Nut Zippers,Akdeniz,Akdeniz,4,0.25,0.0,5
6a,Alaaddin,Alaaddin,Alaaddin,63,0.92,0.02,2
6a+,Alaaddin,Unknown Sector,Alaaddin,1,1.0,0.0,0
5c,Ayasofya,Alaaddin,Alaaddin,41,0.93,0.02,3
6a+,Dirty Dancing,Alaaddin,Alaaddin,38,0.84,0.03,3
6b+,Dream On,Alaaddin,Alaaddin,45,0.87,0.18,4
6b,Iron man,Alaaddin,Alaaddin,64,0.95,0.11,3
6a,Jasmina,Alaaddin,Alaaddin,50,0.94,0.0,3
6b,Tufan Age,Alaaddin,Alaaddin,32,0.84,0.06,3
6b,Unbreakable,Alaaddin,Alaaddin,31,0.97,0.0,3
6b+,Wild Child,Alaaddin,Alaaddin,28,0.82,0.11,3
6b,24 M Chrono,Alabalik,Alabalik,138,0.9,0.12,3
4b,5 Gewinnt,Alabalik,Alabalik,20,0.9,0.0,4
8a,Against All Odds,Alabalik,Alabalik,15,0.07,0.07,3
6c,Akintiya Karsi Yüzmek,Alabalik,Alabalik,147,0.84,0.13,3
6a+,Alabalik,Alabalik,Alabalik,1,0.0,0.0,0
6b,Alabalik,Alabalik,Alabalik,214,0.86,0.09,3
6c,Alabalik Extension,Alabalik,Alabalik,21,0.76,0.24,4
5c,Alabalik henkelei,Alabalik,Alabalik,1,1.0,0.0,0
7c+,Arc teryx,Alabalik,Alabalik,45,0.18,0.07,4
6a,Baby Bat,Alabalik,Alabalik,99,0.84,0.08,3
6a+,Big Things,Alabalik,Alabalik,100,0.84,0.18,3
8a+,Bloody Knuckles,Alabalik,Alabalik,26,0.04,0.12,4
7b+,Born to Run,Alabalik,Alabalik,1,0.0,1.0,0
7a,Brazilia Carnaval,Alabalik,Alabalik,400,0.67,0.11,3
5c,Butterfly Boulevard,Alabalik,Alabalik,82,0.8,0.08,2
8a,Chain Erection,Alabalik,Alabalik,116,0.11,0.16,4
6c+,Chili con Carne,Alabalik,Alabalik,1,0.0,0.0,0
6c+,Chili con Pillar,Alabalik,Alabalik,107,0.78,0.07,3
7a,Chili con Pillar right,Alabalik,Alabalik,2,0.5,0.0,1
7b,Climb Now,Alabalik balkon 4,Alabalik,2,1.0,0.0,1
7a+,Climb on Work Later,Alabalik,Alabalik,105,0.57,0.16,3
8b,Climb on Work Later,Alabalik Balkon,Alabalik,13,0.0,0.15,3
6c+,Dave Smith and the german tecno,Alabalik,Alabalik,9,0.89,0.0,3
7c,Devil dance,Alabalik,Alabalik,1,0.0,0.0,1
7c+,Devil dance,Alabalik,Alabalik,5,0.0,0.0,3
8a,Dog Wars,Alabalik,Alabalik,72,0.14,0.11,3
7a,Due Stazioni,Alabalik,Alabalik,95,0.56,0.07,3
7a,Elif,Alabalik,Alabalik,24,0.54,0.0,3
7a,Finger Food,Alabalik,Alabalik,89,0.51,0.1,2
7a,Fisherman's Friend,Alabalik,Alabalik,100,0.56,0.13,3
6b+,Halva,Alabalik,Alabalik,304,0.81,0.09,3
5c,Havana Club,Alabalik Balkon,Alabalik,18,0.89,0.28,4
6b+,Havana Club,Alabalik,Alabalik,20,0.6,0.1,3
8a,Havana Club,Alabalik,Alabalik,2,0.0,0.0,0
5c,Henkelei,Alabalik,Alabalik,44,0.98,0.04,3
6c+,Heroes go left,Alabalik,Alabalik,29,0.38,0.0,3
8a+,Highline,Alabalik,Alabalik,7,0.29,0.14,3
7a,Jungle Speed,Alabalik,Alabalik,131,0.57,0.04,2
6b+,Kabil'in Ucurtmalari,Alabalik,Alabalik,1,1.0,0.0,3
7a+,Kabil'in Ucurtmalari,Alabalik,Alabalik,94,0.53,0.08,3
6c+,Kaye ve reis,Alabalik,Alabalik,2,0.5,0.0,5
7a+,Kelebegin,Alibalik,Alabalik,1,0.0,0.0,0
6c,Kelebegin Rüyasi,Alabalik,Alabalik,132,0.8,0.13,4
8a,Kleopatra,Alabalik,Alabalik,108,0.07,0.12,4
6b,L 'Homme al 'Enners,Alabalik,Alabalik,2,1.0,0.0,4
6b,L'home a'lenvers,Alabalik,Alabalik,2,0.5,0.0,0
6b,L'homme à l'envers,Alabalik,Alabalik,111,0.86,0.07,3
7c+,Le coleur d'eau,Alabalik,Alabalik,7,0.43,0.0,5
7c+,Les Couleurs de l'eau,Alabalik,Alabalik,81,0.19,0.07,3
6c+,Maa Croob,Alabalik,Alabalik,68,0.68,0.15,3
7a+,N.N. (Havla),Alabalik,Alabalik,1,0.0,0.0,0
7b,Nar Bahcesi,Alabalik,Alabalik,48,0.54,0.06,3
8a+,Neptunalia,Alabalik,Alabalik,59,0.05,0.2,4
6a+,No Gearrr,Alabalik,Alabalik,233,0.91,0.04,3
6a,No Name (1. L),Alabalik,Alabalik,23,1.0,0.09,4
6a,No gear,Alabalik,Alabalik,1,0.0,0.0,0
8b+,Obelix,Alabalik,Alabalik,13,0.0,0.08,4
7c+,Parallel universe,Alabalik,Alabalik,86,0.22,0.26,4
6a,Pembe Hayaller,Alabalik,Alabalik,88,0.87,0.07,3
6a+,Pembe Hayaller,Alabalik Balkon,Alabalik,25,0.84,0.08,1
7c+,Porro d'Aqua,Alabalik,Alabalik,23,0.22,0.0,4
7b+,River dance,Alabalik,Alabalik,170,0.36,0.16,4
8c+,Rock Erotic,Alabalik,Alabalik,4,0.0,0.25,4
7a+,Serbest stil,Alabalik,Alabalik,218,0.52,0.07,3
7a,Sheep direct,Alabalik,Alabalik,51,0.49,0.02,2
5a,Sheep in the keep,Alabalik Balkon,Alabalik,8,0.75,0.25,4
6b,Sheep in the keep,Alabalik,Alabalik,62,0.77,0.03,2
5a,Sheep in the keep L1,Alabalik Balcon,Alabalik,3,1.0,0.0,0
5c,Sky window,Alabalik,Alabalik,54,0.94,0.06,4
7b+,Sloper poker,Alabalik,Alabalik,121,0.25,0.04,2
5c,Solero,Alabalik,Alabalik,55,0.88,0.04,2
7a+,Spanish Thanks Giving,Alabalik,Alabalik,48,0.65,0.19,4
6b+,Stalaktosaurus,Alabalik,Alabalik,183,0.67,0.18,4
6b+,Tesaduf,Alabalık Balkon 1,Alabalik,17,0.41,0.12,4
7a,Tesaduf,Alabalik,Alabalik,3,0.67,0.33,5
7b+,Yarasa Ol (ext.),Alabalik,Alabalik,1,0.0,0.0,1
7b,Yarasa ol,Alabalik,Alabalik,110,0.36,0.13,4
7b+,three happy three friends,Alabalik balkon 4,Alabalik,27,0.48,0.11,4
7c,three happy three friends,Alabalik,Alabalik,81,0.59,0.27,4
7a,Özlem,Alabalik,Alabalik,18,0.72,0.0,3
7c+,Özlem,Alabalik,Alabalik,66,0.26,0.16,4
6c,Elettra,Alcyone,Alcyone,1,1.0,0.0,3
7c,31,Anatolia,Anatolia,3,0.33,0.0,5
6c+,Air and Style,Anatolia,Anatolia,52,0.69,0.08,3
7c+,Air and style 2.L,Anatolia Sag,Anatolia,2,0.0,0.0,3
6c+,Anatolian highway,Anatolia,Anatolia,98,0.87,0.12,3
7b+,Anatolic,Anatolia,Anatolia,11,0.64,0.0,3
7c,Ange de l'Oubli,Anatolia,Anatolia,198,0.26,0.06,3
7a,Arabesk,Anatolia,Anatolia,51,0.65,0.06,3
7c,Beam me up Scotty,Anatolia,Anatolia,10,0.4,0.0,1
6c+,Captain Kirk,Anatolia Right,Anatolia,1,0.0,0.0,0
6a+,Celik Kalp,Anatolia,Anatolia,198,0.87,0.04,3
7b,Celik Kalp,Anatolia,Anatolia,2,0.5,0.0,0
7b,Celik Kalp extension,Anatolia,Anatolia,5,0.2,0.0,3
5a,Chupi,Anatolia,Anatolia,38,0.82,0.03,3
8a,Daddy Cool,Anatolia,Anatolia,75,0.15,0.13,4
7c,Elbe,Anatolia,Anatolia,56,0.2,0.09,3
7a+,Flintstone,Anatolia,Anatolia,54,0.72,0.02,3
7b,Flintstone,Anatolia,Anatolia,1,1.0,0.0,0
6b+,Flintstone Extension,Anatolia,Anatolia,2,1.0,0.0,2
7c,Freedom for Boğaziçi,Anatolia,Anatolia,20,0.4,0.25,4
7c,Gizmo,Anatolia,Anatolia,50,0.34,0.06,4
7a+,Hayat çok uzun,Anatolia,Anatolia,79,0.71,0.04,3
6c+,Kapt‘n Kirk,Anatolia,Anatolia,103,0.82,0.07,3
7b,Kara Yilan,Anatolia,Anatolia,35,0.6,0.03,3
7a,Locki,Anatolia,Anatolia,68,0.75,0.06,3
7c+,Maelstrom extantion,Anatolia,Anatolia,1,0.0,0.0,0
6b+,Mealstrom,Anatolia,Anatolia,5,0.8,0.0,2
6c+,Mezarlariniza Tükürecegim,Anatolia,Anatolia,4,1.0,0.25,4
6c+,Mezarlarınıza Tükürücem,Anatolia,Anatolia,116,0.85,0.12,4
7c,Miaau,Anatolia,Anatolia,15,0.53,0.13,3
8a,Milestone,Anatolia,Anatolia,68,0.12,0.12,4
8a,Minimalist,Anatolia,Anatolia,9,0.0,0.0,4
7a,Moby's dick,Anatolia,Anatolia,53,0.55,0.06,3
6c,Muskelkater,Anatolia,Anatolia,222,0.85,0.09,3
6a,N.N. 13,Anatolia Right,Anatolia,2,0.5,0.0,5
7c,Name in chalk L2,Anatolia,Anatolia,1,0.0,0.0,0
6a,No Name,Anatolia,Anatolia,4,1.0,0.0,4
7a,Ny led,Anatolia,Anatolia,1,1.0,0.0,0
7c,Otuzbir,Anatolia,Anatolia,73,0.48,0.14,4
6b,Passenger,Anatolia,Anatolia,1,1.0,0.0,0
6b,Pijama Party,Anatolia,Anatolia,92,0.86,0.05,3
8a,Pijama Party (ext.),Anatolia,Anatolia,8,0.0,0.13,4
7b,Powerslave,Anatolia Sag,Anatolia,6,0.67,0.0,4
7a,Red hot chilli peppers,Anatolia,Anatolia,93,0.53,0.02,2
6a,Sado mazo,Anatolia,Anatolia,2,0.5,0.0,0
6c+,Sado mazo,Anatolia,Anatolia,38,0.84,0.0,2
7a,Seek and destroy,Anatolia,Anatolia,253,0.63,0.15,4
7b,Session Of Happiness L2,Anatolia,Anatolia,1,1.0,0.0,0
6a+,Session of happiness,Anatolia,Anatolia,116,0.85,0.04,3
7b,Session of happiness,Anatolia,Anatolia,22,0.73,0.05,2
6c+,Stay Confused,Anatolia,Anatolia,2,1.0,0.0,4
6b+,The Passenger,Anatolia,Anatolia,37,0.7,0.03,1
8a+,Truth Hurts,Anatolia,Anatolia,36,0.14,0.08,4
7b+,Try to enjoy,Anatolia,Anatolia,77,0.49,0.09,4
8a+,Turkish Airways,Anatolia,Anatolia,236,0.08,0.17,4
7a,cennet cehennem,Antalya,Anatolia,4,0.25,0.0,3
7c,selamin aleikum,Anatolia,Anatolia,1,1.0,0.0,3
5c,Barbarossa,Barbarossa,Barbarossa,191,0.88,0.22,4
6a+,Barbarossa 16,Barbarossa,Barbarossa,2,1.0,0.0,0
6b+,Barbarossa 16,Barbarossa,Barbarossa,18,0.89,0.17,4
6c,Barbarossa 16,Barbarossa,Barbarossa,1,0.0,0.0,0
6b,Barbarossa hurrem sultan,Barbarossa,Barbarossa,1,1.0,0.0,0
6a+,Brazil Carnaval,Barbarossa,Barbarossa,37,0.94,0.03,3
5c,Brio De Flamenco L1,Barbarossa,Barbarossa,16,0.94,0.13,4
6b+,Brio de Flamenco,Barbarossa,Barbarossa,55,0.91,0.04,3
5c,Brio de Flamenco (L2),Barbarossa,Barbarossa,5,0.8,0.0,0
6b+,Brio de Flamenco (L2),Barbarossa,Barbarossa,19,0.94,0.06,4
6a+,Bysance,Unknown Sector,Barbarossa,7,1.0,0.0,0
6c,Bysance,Barbarossa,Barbarossa,18,0.72,0.06,4
7b+,Bysance,Barbarossa,Barbarossa,3,0.33,0.0,4
6b+,Cliff Burton,Barbarossa,Barbarossa,35,0.71,0.06,4
7b+,Dio,Barbarossa,Barbarossa,37,0.32,0.14,4
5c,Festival,Barbarossa,Barbarossa,71,0.87,0.04,3
5c,Fotogene Route,Barbarossa,Barbarossa,2,1.0,0.0,0
6a+,Halife,Barbarossa,Barbarossa,1,0.0,0.0,0
6a+,Halifenin Yerindeki Halife,Barbarossa,Barbarossa,67,0.88,0.06,3
7a,Halifenin Yerindeki Halife,Barbarossa,Barbarossa,88,0.71,0.08,3
7a,Halifenin yerindeki,Barbarossa,Barbarossa,2,1.0,0.5,5
6b,Hürrem Sultan,Barbarossa,Barbarossa,153,0.84,0.05,3
7b+,Lemmy,Barbarossa,Barbarossa,24,0.21,0.08,3
6a+,Merci Michel,Barbarossa,Barbarossa,13,0.77,0.0,3
6b+,Mustapha et les Mustaphettes,Barbarossa,Barbarossa,72,0.83,0.04,3
6b,N.N. (nueva)L1+L2),Barbarossa,Barbarossa,1,1.0,0.0,0
6b+,N.N. 14,Barbarossa,Barbarossa,1,0.0,0.0,0
7b,O Dolares,Barbarossa,Barbarossa,36,0.53,0.08,3
7a+,Padisahlik son,Barbarossa,Barbarossa,87,0.49,0.08,3
7a,Pasa,Barbarossa,Barbarossa,72,0.65,0.01,3
7a+,Sailerin Sultani ext.,Barbarossa,Barbarossa,1,0.0,0.0,1
6a,Sairlerin Sultani,Barbarossa,Barbarossa,4,1.0,0.0,0
6c,Samba Mamba,Barbarossa,Barbarossa,7,0.57,0.0,1
5c,Sex Pistols,Barbarossa,Barbarossa,37,0.81,0.0,3
7b+,Sex Pistols,Barbarossa,Barbarossa,5,0.2,0.0,3
6a,Shairelin sultani,Barbarossa,Barbarossa,1,1.0,0.0,0
5c,Souvenir Malgache,Barbarossa,Barbarossa,113,0.91,0.0,3
6a+,buysense,Barbarossa,Barbarossa,1,1.0,0.0,0
6a+,hamem rulkan,Barbarossa,Barbarossa,1,0.0,0.0,0
6a,Şairlerin Sultanı,Barbarossa,Barbarossa,42,0.88,0.07,3
7a+,Şairlerin Sultanı,Barbarossa,Barbarossa,240,0.78,0.06,3
5c,Angel,Cennet,Cennet,1,1.0,0.0,0
6a+,Bismillah,Cennet,Cennet,1,0.0,0.0,0
5c,Deja vú,Cennet,Cennet,1,1.0,0.0,0
5c,Mermaid,Cennet,Cennet,1,1.0,0.0,0
5c,Wicked Game,Cennet,Cennet,1,1.0,0.0,0
6c,Ali baba ve kirk haramiler,Cesme,Cesme,18,0.83,0.05,4
6c,Amazon,Cesme,Cesme,9,0.78,0.22,5
7b,Anarshit,Cesme,Cesme,16,0.19,0.06,4
7c,Anarshit varyasyon,Cesme,Cesme,7,0.0,0.0,3
7b+,Blonde confusion,Cesme,Cesme,10,0.0,0.0,4
7b+,Bonanza,Cesme,Cesme,32,0.38,0.19,4
7a+,Dekadans,Cesme,Cesme,2,0.0,0.0,4
7a,Desire,Cesme,Cesme,26,0.81,0.12,4
5c,Farketmez,Cesme,Cesme,21,0.91,0.05,2
6a,Jungle,Cesme,Cesme,6,1.0,0.0,4
6a+,Kaktüs,Cesme,Cesme,50,0.94,0.04,3
6c,Klakson,Cesme,Cesme,58,0.86,0.03,3
6a,Lost in time,Cesme,Cesme,38,0.84,0.05,3
6b,Love and hate,Cesme,Cesme,56,0.77,0.16,3
6a,Mafia,Cesme,Cesme,6,1.0,0.33,4
8b,Mambo Kurt,Cesme,Cesme,1,0.0,0.0,5
6a,N.N. (new),Cesme,Cesme,1,1.0,1.0,1
6b+,Punk,Cesme,Cesme,18,0.67,0.17,4
6b+,Routenflucht,Cesme,Cesme,21,0.67,0.14,3
5a,Sakson stili,Cesme,Cesme,27,0.82,0.04,4
7c+,Scare Face,Cesme,Cesme,7,0.0,0.14,5
7c+,Sunatorium,Cesme,Cesme,1,0.0,0.0,4
6c,Susam,Cesme,Cesme,11,0.82,0.0,3
6a+,dude,Cesme,Cesme,59,0.73,0.02,3
7c,Citdibi,Citdibi,Citdibi,5,0.4,0.0,4
7b,Climbing Trip,Citdibi,Citdibi,4,0.5,0.0,4
7b,Come on come on come,Citdibi,Citdibi,1,1.0,0.0,3
7b+,Kaptan Hook,Citdibi,Citdibi,5,0.6,0.0,4
7a,Nasty,Citdibi,Citdibi,4,1.0,0.0,1
7a+,Petit suisses et yaourt,Citdibi,Citdibi,1,1.0,0.0,5
7b,Playing for change,Citdibi,Citdibi,1,1.0,0.0,5
6a,bıngıl hanımın dusleri,Citdibi,Citdibi,1,1.0,0.0,0
6c+,gonul gozu,Citdibi,Citdibi,4,1.0,0.0,3
6a,surya namaskar,Citdibi,Citdibi,1,1.0,0.0,0
6b+,teenager on game,Citdibi,Citdibi,2,1.0,0.0,0
7a,Die Fetten Jahre Sind Vorbei,Deli Kasap,Deli Kasap,13,0.62,0.0,3
7a,Flying is Fun,Deli Kasap,Deli Kasap,37,0.51,0.03,4
6c+,Gekko Kebap,Deli Kasap,Deli Kasap,12,0.67,0.0,1
6c+,King fishers,Deli Kasap,Deli Kasap,32,0.56,0.09,2
5c,Kis uykusu,Deli Kasap,Deli Kasap,15,0.74,0.13,3
6a+,Südkante,Deli Kasap,Deli Kasap,17,0.88,0.18,2
6a,Süßes Leben,Deli Kasap,Deli Kasap,18,0.89,0.17,3
6c+,Tropicana,Deli Kasap,Deli Kasap,8,0.38,0.25,3
6c+,Verliebt nach Anne,Deli Kasap,Deli Kasap,22,0.5,0.13,2
7a+,Ahtapot,Dragon,Dragon,82,0.54,0.11,4
6a,Banana Monster,Dragon,Dragon,7,1.0,0.0,3
6b+,Banana Monster,Dragon,Dragon,125,0.84,0.02,3
7a+,Downpour,Dragon,Dragon,47,0.7,0.0,3
7a,Dragonfly,Dragon,Dragon,126,0.72,0.11,3
7a,Fire Spire,Dragon,Dragon,159,0.76,0.05,3
7b+,Legende Einer Leidenschaft,Dragon,Dragon,118,0.56,0.14,3
6c,Life is good,Dragon,Dragon,52,0.87,0.14,4
6c+,Life is good,Dragon,Dragon,3,1.0,0.0,4
7a+,Masallah,Dragon,Dragon,30,0.57,0.07,3
6c,Mira que tinc,Dragon,Dragon,1,0.0,0.0,0
7b+,Red Dragon,Dragon,Dragon,26,0.19,0.12,4
6b+,Schach matt ext.,Dragon,Dragon,3,1.0,0.33,4
6a,Schachmatt,Dragon,Dragon,98,0.83,0.08,3
6b+,Schachmatt,Dragon,Dragon,58,0.85,0.1,3
6b,Sleva,Dragon,Dragon,2,1.0,0.0,0
6a,Totos,Dragon,Dragon,12,0.92,0.17,3
6b,Totos,Dragon,Dragon,121,0.88,0.09,3
6a,Çikomigro,Dragon,Dragon,86,0.91,0.04,3
7a+,Beyaz Sahin,Echoes,Echoes,128,0.41,0.18,4
6b+,Comfortably,Echoes,Echoes,129,0.87,0.11,3
8b,Country diamond,Echoes,Echoes,1,0.0,0.0,0
7b,Deli Ziya,Echoes,Echoes,62,0.45,0.13,4
7a,Echoes of the Andes,Echoes,Echoes,48,0.68,0.04,3
6a+,Echoes of the Himalaya,Echoes,Echoes,20,0.9,0.15,3
7a,Echoes of the Himalaya,Echoes,Echoes,5,0.6,0.0,5
6a+,Geyikbayiri 'Ndan Charmonix,Echoes,Echoes,5,1.0,0.4,4
8a,Kara Elmas,Echoes,Echoes,55,0.16,0.27,4
6b,Lanet,Echoes,Echoes,26,0.81,0.04,3
6b,Lanet olsun,Echoes sağ2,Echoes,20,0.9,0.05,3
7b,Love Hurts,Echoes,Echoes,73,0.45,0.1,4
7b+,Love Hurts,Unknown Sector,Echoes,1,1.0,0.0,0
7c+,Mambo Tango,Echoes,Echoes,12,0.25,0.25,4
8a,Metronom,Echoes,Echoes,26,0.04,0.08,4
8a+,No Country for Old Man,Echoes,Echoes,35,0.0,0.23,4
7c+,No more Mr. Nice Guy,Echoes,Echoes,116,0.18,0.09,4
7b+,No remorse,Echoes,Echoes,58,0.16,0.12,3
7a+,Planet Of The Apes,Echoes,Echoes,59,0.49,0.12,4
7b+,Pompei,Echoes,Echoes,68,0.25,0.1,4
7c,Punisher,Echoes,Echoes,53,0.36,0.11,4
7c,Too big to fall,Echoes,Echoes,116,0.28,0.07,4
7a+,monte cucco,Echoes,Echoes,35,0.4,0.06,3
7a,En soldaki...,Esekuctu,Esekuctu,3,0.67,0.0,3
8b,Enjoy the Silence,esek uctu,Esekuctu,13,0.0,0.23,5
7b,Game of Thrones,Esekuctu,Esekuctu,22,0.32,0.0,4
8a,Game of Thrones Extension,Esekuctu,Esekuctu,1,0.0,0.0,5
7c+,Little Rainbow,Esekuctu,Esekuctu,7,0.14,0.0,4
8a+,Masal,esek uctu,Esekuctu,12,0.17,0.0,3
7a+,N/N,Esekuctu,Esekuctu,2,1.0,0.5,5
8a+,Rocky 2,esek uctu,Esekuctu,4,0.0,0.0,5
8b,Rocky 2,esek uctu,Esekuctu,4,0.0,0.0,5
7a,Soldan 3.,Esekuctu,Esekuctu,15,0.8,0.0,4
7b,Soldan 3.,Esekuctu,Esekuctu,1,0.0,0.0,0
7b+,Soldan 3.,Esekuctu,Esekuctu,3,0.67,0.0,5
7a,Soldan 3.rota,Esekuctu,Esekuctu,1,1.0,0.0,0
7c+,Funky Chicken,Funky Chicken,Funky Chicken,8,0.13,0.13,4
6c+,Akintiya Krasi Yuzmek,Geyik bayiri,Geyik,1,1.0,1.0,0
6a+,Aman Aman,Geyik,Geyik,36,0.67,0.03,2
6c,Among Friends,Geyik,Geyik,24,0.79,0.08,3
5c,Babylon,Geyik,Geyik,28,1.0,0.04,3
6c,Bye Bye George,Geyik,Geyik,26,0.81,0.08,4
5a,Etik,Geyik,Geyik,32,0.75,0.0,2
6a,Etik,Kekik,Geyik,14,1.0,0.07,2
6b,Hadi Sit,Geyik bayiri,Geyik,2,1.0,0.0,0
7a+,Hand Boiled Wonderful,Kekik,Geyik,3,1.0,0.0,0
6b,Kelebek,Geyik,Geyik,17,0.65,0.0,1
6c,Kiyir Kiyir,Geyik,Geyik,40,0.78,0.03,2
6b,Makasu,Kekik,Geyik,1,1.0,0.0,0
6a+,Micha,Geyik,Geyik,25,0.68,0.0,2
6a+,Milli Piyango,Kekik,Geyik,10,0.9,0.1,5
6a+,Overdose,Geyik,Geyik,27,0.89,0.04,4
5b,Pratik,Geyik,Geyik,15,0.8,0.0,2
6a+,Ready for anything,Kekik,Geyik,7,0.86,0.14,3
6a+,Tak Tak Coban,Geyik,Geyik,50,0.72,0.04,3
6b,Vanilya,Kekik,Geyik,13,0.92,0.08,5
5c,babylon (1L),Geyik,Geyik,3,1.0,0.0,4
8a+,crack the system,Kekik,Geyik,2,0.0,0.0,4
7b+,the bolt the beautiful,Kekik,Geyik,3,0.33,0.0,0
5c,Anonim,Gizlibahce,Gizlibahce,1,0.0,0.0,3
7b,Bir şey mi dedin Pavarotti,Gizlibahce,Gizlibahce,2,0.5,0.0,3
6c+,Bolting Antalya,Gizlibahce,Gizlibahce,3,1.0,0.67,4
6b+,Durak,Gizlibahce,Gizlibahce,14,0.93,0.07,4
5b,Istanbul,Gizlibahce,Gizlibahce,7,1.0,0.29,4
5c,Kar Tanesi,Gizlibahce,Gizlibahce,6,1.0,0.33,5
4a,Mektep,Unknown Sector,Gizlibahce,1,1.0,0.0,0
5b,Mektep,Gizlibahce,Gizlibahce,12,0.83,0.17,3
6a,PH 43,Gizlibahce,Gizlibahce,4,1.0,0.0,5
5c,Rainman,Gizlibahce,Gizlibahce,6,1.0,0.0,3
6a,Runaway,Gizlibahce,Gizlibahce,9,0.78,0.33,4
6a,Schaufel St. Führe,Gizlibahce,Gizlibahce,14,0.57,0.14,4
6b+,Sun attack,Gizlibahce,Gizlibahce,1,1.0,1.0,5
5c,Sushi,Gizlibahce,Gizlibahce,9,0.89,0.22,4
6c,Takla ilahi,Gizlibahce,Gizlibahce,4,0.75,0.25,4
6b,Teamwork,Gizlibahce,Gizlibahce,11,0.91,0.09,3
5c,Titrek,Gizlibahce,Gizlibahce,5,1.0,0.2,5
6c+,İlahi adalet,Gizlibahce,Gizlibahce,2,1.0,0.5,4
6a,111,Gizmo,Gizmo,19,0.95,0.06,4
6b,12 Monkeys,Gizmo,Gizmo,75,0.75,0.08,3
6b,Alter schützt vor Bohrheit nicht,Gizmo,Gizmo,21,0.72,0.05,3
7c,Ava or aaron,Gizmo,Gizmo,15,0.6,0.07,2
6a+,Ball Paradox,Gizmo,Gizmo,33,0.85,0.12,4
7a+,Blood Sweat and Tears,Gizmo,Gizmo,27,0.96,0.07,3
7a+,"Blood,Sweat & Tears",Gizmo,Gizmo,3,0.33,0.0,0
5c,Bobby,Gizmo,Gizmo,14,0.93,0.0,3
4a,Carlson vom Dach,Gizmo,Gizmo,5,0.8,0.0,0
8a+,Cathedral of Dreams,Gizmo,Gizmo,7,0.14,0.0,4
6b,Der steip der geiss,Gizmo,Gizmo,19,0.95,0.0,2
6a,Die Mach Ich,Gizmo,Gizmo,25,0.8,0.16,4
6b,Fado,Gizmo,Gizmo,24,0.7,0.17,3
6a+,Für Murat,Gizmo,Gizmo,24,0.83,0.0,3
5b,Happy birthday Peter,Gizmo,Gizmo,8,1.0,0.0,3
6b,Haven's Gate 1,Gizmo,Gizmo,1,1.0,0.0,0
5a,In love Maria luise,Gizmo,Gizmo,4,1.0,0.0,0
5c,Ith feeling,Gizmo,Gizmo,20,0.85,0.2,3
5a,Ith feeling light,Gizmo,Gizmo,23,0.87,0.0,2
5a,Kleina hexen,Gizmo,Gizmo,6,1.0,0.0,4
4a,Kurze Romanze,Gizmo,Gizmo,10,0.8,0.1,2
5a,M.P.W.,Gizmo,Gizmo,8,0.5,0.0,3
6b,MPW,Gizmo,Gizmo,14,0.79,0.07,2
6a,Magic Dice,Gizmo,Gizmo,39,0.9,0.05,2
6b,N.N. (New Route Right of Scorpion),Gizmo,Gizmo,3,1.0,0.0,0
5c,Nachtschicht,Gizmo,Gizmo,37,0.78,0.05,3
7a,Never Kiss a Dog,Gizmo,Gizmo,48,0.38,0.0,2
8a,Pillar of the Earth,Gizmo,Gizmo,6,0.0,0.17,3
5b,Pipi,Gizmo,Gizmo,3,1.0,0.0,0
5b,Pipi Langstrumpf,Gizmo,Gizmo,6,1.0,0.0,4
6a+,Rantane,Gizmo 2,Gizmo,1,1.0,0.0,0
6a,Rantanplan,Gizmo 2,Gizmo,9,0.89,0.11,3
5b,Schwupp,Gizmo,Gizmo,14,0.86,0.0,2
7a,Scorpion,Gizmo,Gizmo,30,0.47,0.03,3
6a,Alice in Wunderland,Güzel Manzara,Güzel Manzara,48,0.67,0.04,3
6c,Auf Nach Madagaskar,Güzel Manzara,Güzel Manzara,4,1.0,0.25,5
6a,Big Wallhalla,Güzel Manzara,Güzel Manzara,59,0.84,0.0,2
6c+,Big Wallhalla,Güzel Manzara,Güzel Manzara,26,0.96,0.08,4
6a,Citywatch,Güzel Manzara,Güzel Manzara,44,0.75,0.02,4
6a+,Citywatch,Güzel Manzara,Güzel Manzara,5,0.6,0.2,5
6a,Citywatch (1L),Güzel Manzara,Güzel Manzara,1,1.0,0.0,0
6c+,Emekli to Madagaskar,Güzel Manzara,Güzel Manzara,22,0.64,0.0,2
7b+,Fenster mit aussicht,Güzel Manzara,Güzel Manzara,85,0.41,0.06,3
7a+,Hand boiled Wonderland,Günzel Manzara,Güzel Manzara,1,1.0,0.0,0
7b+,High voltage,Güzel Manzara,Güzel Manzara,71,0.49,0.09,3
7b+,High voltage L1,Güzel Manzara,Güzel Manzara,1,0.0,0.0,3
6c+,Nagelstudio Stereo,Güzel Manzara,Güzel Manzara,73,0.88,0.03,3
7a+,Nagelstudio Stereo L2,Güzel Manzara,Güzel Manzara,1,1.0,0.0,0
6c+,Quantum Gigantum,Güzel Manzara,Güzel Manzara,9,0.67,0.11,4
8a,Quantum Gigantum,Güzel Manzara,Güzel Manzara,63,0.48,0.1,4
5b,Roots of stone,Güzel Manzara,Güzel Manzara,1,1.0,0.0,0
4a,Roots of stone love,Güzel Manzara,Güzel Manzara,1,0.0,0.0,0
5b,Roots of stone love,Güzel Manzara,Güzel Manzara,4,1.0,0.5,3
6a+,Sonnenelfe,Güzel Manzara,Güzel Manzara,3,0.67,0.33,4
6a+,citywall,Güzel Manzara,Güzel Manzara,1,1.0,0.0,0
4c,Aorta,Heart,Heart,2,1.0,0.0,0
6b,Aorta,Heart,Heart,68,0.79,0.06,3
5c,Bibi bloxberg,Heart,Heart,55,0.91,0.02,3
5b,California dreaming,Hearth/Left cave,Heart,9,0.67,0.0,4
6a+,California dreaming ext.,Hearth/Left cave,Heart,3,1.0,0.0,3
6a+,Catch me if you can,Heart,Heart,17,0.53,0.0,1
6b,Die 5te,Heart,Heart,20,0.6,0.05,2
7a+,Flohwalzer,Heart,Heart,33,0.85,0.13,3
6a+,Gremlin's Edge,Heart,Heart,28,0.96,0.04,3
6b,Gremmlins Cave,Heart,Heart,3,1.0,0.0,3
6b+,Hart aber Herzlich,Heart,Heart,67,0.67,0.14,4
6a+,Hotzenplotz,Heart,Heart,50,0.84,0.06,4
6a,In Der Bewegung Liegt Die Kraft,Heart,Heart,53,0.77,0.02,3
6b+,Osterweiterung,Heart,Heart,28,0.54,0.07,3
6a+,Popodusa rock 'n roll,Heart left,Heart,1,1.0,0.0,0
6a+,Poposuda Rock'n Roll,Heart,Heart,49,0.88,0.1,2
6a+,Turntablerocker,Heart,Heart,48,0.73,0.1,4
6a,Zauberflöte,Heart,Heart,98,0.76,0.06,3
6a+,69,Kanyon,Kanyon,48,0.46,0.08,2
6b,69,Kanyon,Kanyon,7,0.71,0.0,3
7c,Arsenik,Kanyon,Kanyon,120,0.2,0.1,3
7b+,Bagla,Kanyon,Kanyon,7,0.14,0.14,3
6a+,Birt,Kanyon,Kanyon,42,0.72,0.1,3
7a+,Bok bocegi,Kanyon,Kanyon,11,0.55,0.09,3
7b+,Boltarin,Kanyon,Kanyon,1,0.0,0.0,0
7b+,Boltların Efendisi,Kanyon,Kanyon,46,0.15,0.07,3
6b,Cayon Misstaken,Kanyon,Kanyon,1,1.0,0.0,3
6c,Desperation,Kanyon,Kanyon,18,0.39,0.06,3
7c,False in Truth,Kanyon,Kanyon,13,0.08,0.08,4
6c+,Fat Burner,Kanyon,Kanyon,83,0.54,0.19,4
5c,Have Fun,Kanyon,Kanyon,8,1.0,0.13,2
6b+,Inspiration,Kanyon,Kanyon,3,0.33,0.33,4
6a+,Kermit,Kanyon,Kanyon,67,0.81,0.15,3
7c,Know How,Kanyon,Kanyon,5,0.2,0.0,5
6c+,Left of Boltrain Efendisi,Kanyon,Kanyon,2,1.0,0.5,4
6b,Less is More,Kanyon,Kanyon,7,0.71,0.14,4
6a,Miss Piggy,Kanyon,Kanyon,69,0.87,0.06,3
8a,Ninova,Kanyon,Kanyon,10,0.0,0.2,4
6c,No I did not,Kanyon,Kanyon,7,0.71,0.14,3
6a+,No Sun,Kanyon,Kanyon,15,0.8,0.13,3
6c+,"No childs here, please",Kanyon,Kanyon,20,0.75,0.1,3
7c+,Noniş,Kanyon,Kanyon,11,0.0,0.09,4
7a,Nothingman,Kanyon,Kanyon,83,0.47,0.16,3
7c,Poison,Kanyon,Kanyon,10,0.3,0.1,4
6c,Right of 69,Kanyon,Kanyon,3,0.33,0.33,4
6b,between birt and miss piggi,Kanyon,Kanyon,5,0.8,0.0,5
6b,left to Birt,Kanyon,Kanyon,2,1.0,1.0,5
5c,Birthday Girl,Kebap,Kebap,69,0.93,0.04,4
5a,Cekomastik Silikon,Kebap,Kebap,47,0.89,0.02,4
6a+,Claudia Rosi,Kebap,Kebap,99,0.83,0.04,3
6b,Dedikodu,Kebap,Kebap,84,0.82,0.05,3
5b,Escape,Kebap,Kebap,64,0.89,0.06,3
5c,Fakir,Kebap,Kebap,24,0.96,0.04,2
6c+,Gekko Kebap,Kebap,Kebap,35,0.49,0.09,3
6a+,Just in time,Kebap,Kebap,2,1.0,0.0,0
5b,MusicMan,Kebap,Kebap,17,0.94,0.0,3
5c,Mücahit,Kebap,Kebap,2,1.0,0.0,0
5a,Riot in my Heart,Kebap,Kebap,6,0.67,0.0,1
6b+,Sincap Yolu,Kebap,Kebap,56,0.7,0.09,3
6c+,Tequila,Kebap,Kebap,19,0.42,0.05,3
6a,Tosun pasa,Kebap,Kebap,58,0.85,0.03,3
4a,Tutti Frutti,Kebap,Kebap,18,0.78,0.0,2
6a,Yengec,Kebap,Kebap,55,0.84,0.06,3
6b,Adalet,Koridor,Koridor,51,0.78,0.16,3
7a,Akupunktur,Koridor,Koridor,47,0.75,0.23,4
4a,Antalya',Koridor,Koridor,8,0.88,0.25,3
6b,Aramis,Koridor,Koridor,85,0.91,0.07,3
7b,Asocial Distance,Koridor,Koridor,105,0.47,0.14,4
5c,Athos,Koridor,Koridor,26,0.89,0.08,3
6a,Bedelli,Koridor,Koridor,40,0.95,0.2,4
5b,Belgeli,Koridor,Koridor,19,0.9,0.21,4
7c+,Belladonna,Koridor,Koridor,29,0.1,0.14,4
7a+,Biber,Koridor,Koridor,154,0.35,0.11,4
5b,Bisiklet,Koridor,Koridor,11,1.0,0.09,3
7a+,Cerofobi,Koridor,Koridor,10,0.6,0.0,3
5c,Cok Guzel,Koridor,Koridor,10,1.0,0.0,4
7b+,Comanche,Koridor,Koridor,22,0.41,0.09,3
8a,Corridors of Madness,Koridor,Koridor,26,0.04,0.19,4
7c,Cross Fit,Koridor,Koridor,63,0.18,0.1,4
7b,Domates,Koridor,Koridor,73,0.32,0.15,4
7a+,Euro 7,Koridor,Koridor,164,0.52,0.16,4
6a,Firizbi,Koridor,Koridor,3,1.0,0.0,3
6b,Hippi,Koridor,Koridor,15,0.8,0.07,2
7c,Jack Daniels,Koridor,Koridor,82,0.2,0.17,4
5c,Left of Aramis new route,Koridor,Koridor,1,1.0,0.0,3
6b,Marla,Koridor,Koridor,85,0.86,0.14,3
8a+,Mustang,Koridor,Koridor,10,0.1,0.2,4
6a+,Of she goes,Koridor,Koridor,2,1.0,0.0,2
6a+,Pardon,Koridor,Koridor,75,0.96,0.12,3
6c+,Patlican,Koridor,Koridor,127,0.64,0.15,4
5c,Porthos,Koridor,Koridor,21,0.86,0.05,3
8a+,Rainbow Smile,Koridor,Koridor,8,0.0,0.13,4
7a+,Sagdan 2. Rota,Koridor,Koridor,2,0.5,0.0,3
7b+,Tarzan,Koridor,Koridor,45,0.31,0.13,3
6a+,Woodpecker from mars,Koridor,Koridor,2,0.5,0.0,4
7b+,Yury Baba,Koridor,Koridor,148,0.42,0.18,4
6a+,İp Mafyası,Koridor,Koridor,37,0.84,0.08,3
6a,Ana ist weg,Kulluin Teras,Kulluin Taras,2,0.5,0.0,0
6a+,No reservation,Kulluin Taras,Kulluin Taras,2,1.0,0.0,0
5c,11,Küllin1,Küllüin,1,1.0,0.0,0
6a,3 oda 1 salon,Küllüin,Küllüin,115,0.85,0.05,3
5b,3D Channel,Küllüin,Küllüin,34,0.91,0.09,5
5c,5 eichhornchen,Küllüin,Küllüin,30,1.0,0.0,2
6a,Africa,Küllüin,Küllüin,88,0.83,0.05,2
6c,After Party,Küllüin,Küllüin,2,0.0,0.0,0
6c+,After Party,Küllüin,Küllüin,41,0.46,0.07,3
7c,Ahmilena,Küllüin,Küllüin,17,0.18,0.06,3
7c,Ahminelask,Küllüin,Küllüin,20,0.2,0.15,3
6c+,Alexander The Great,Küllüin,Küllüin,57,0.63,0.04,3
6a+,Amelos,Küllüin,Küllüin,92,0.94,0.07,3
6c,Angel Wing,Küllüin,Küllüin,70,0.67,0.05,3
6a,Anna ist weg,Küllüin,Küllüin,21,0.67,0.05,3
6b,Asat,Küllüin,Küllüin,188,0.79,0.12,3
7a,Atlas,Küllüin,Küllüin,9,0.89,0.11,3
6a+,Big in Japan,Küllüin,Küllüin,73,0.9,0.04,3
5b,Boneless,Küllüin,Küllüin,38,0.92,0.05,3
6c+,Broken Tufa,Küllüin,Küllüin,41,0.63,0.05,3
5b,Burkini,Küllüin,Küllüin,42,0.93,0.05,3
5b,Cin Tonic,Küllüin,Küllüin,1,1.0,0.0,0
5c,Cin Tonic,Küllüin,Küllüin,6,1.0,0.0,4
8b+,Colors,Küllüin,Küllüin,3,0.0,0.67,5
5a,Cosmic power,Küllüin,Küllüin,25,0.96,0.0,3
7c+,Cut Looser,Küllüin,Küllüin,29,0.1,0.41,4
5c,Daft Punk,Küllüin,Küllüin,65,0.94,0.06,3
6c+,Dirty Diana,Küllüin,Küllüin,165,0.38,0.1,3
7a,Efe Cemal,Küllüin,Küllüin,231,0.43,0.18,4
7a+,Efe Cemalin solu yeni rota,Küllüin,Küllüin,1,0.0,0.0,3
7a+,Geyikbayiri Gençlik,Küllüin,Küllüin,122,0.43,0.07,3
7a,Geyikbayiri Getto,Küllüin,Küllüin,54,0.57,0.11,3
5c,Gin and Tonic,Küllüin,Küllüin,46,0.87,0.09,3
7c+,Hakuna Matata,Küllüin,Küllüin,8,0.0,0.13,4
7a+,Harput,Küllüin,Küllüin,44,0.39,0.07,3
7a+,Hayrat,Küllüin,Küllüin,169,0.72,0.06,3
6b,Hobbit,Küllüin,Küllüin,37,0.87,0.16,3
6a+,In drum,Küllüin,Küllüin,2,1.0,0.0,0
6c+,Kirli Köpek,Küllüin,Küllüin,17,0.65,0.06,3
5c,Kopekler Bale Yampaz,Küllüin,Küllüin,7,0.86,0.14,2
6b+,Kovboy Kahvesi,Küllüin,Küllüin,91,0.73,0.07,3
6b,Kraft Durch Efes,Küllüin,Küllüin,16,0.44,0.06,2
8b+,Külkedisi,Küllüin,Küllüin,13,0.0,0.08,4
7b+,Küllüin,Küllüin,Küllüin,116,0.14,0.13,3
7a,Left to Efe Cemal,Küllüin,Küllüin,2,1.0,0.0,0
7a,Mezoterapi,Küllüin,Küllüin,152,0.59,0.13,3
7a,N.N. (2b),Küllüin,Küllüin,41,0.37,0.05,2
6a+,No Reservations,Küllüin,Küllüin,41,0.95,0.03,3
6a+,Nomad,Küllüin,Küllüin,92,0.85,0.02,3
7a,Orion,Küllüin,Küllüin,238,0.69,0.19,4
5c,Pablo escobar,Küllüin,Küllüin,27,0.96,0.0,3
5c,Pan,Küllüin,Küllüin,39,0.87,0.03,3
5c+,Part time hippy,Küllin1,Küllüin,3,0.33,0.33,5
6a+,Peri Bacasi,Küllüin,Küllüin,10,0.9,0.1,4
8b+,Phoenix,Küllüin,Küllüin,15,0.0,0.33,4
7c,Return of the jedi,Küllüin,Küllüin,14,0.07,0.0,3
8a,Saykodelikdeşik,Küllüin,Küllüin,33,0.0,0.18,4
7c+,Sezon Finali,Küllüin,Küllüin,5,0.2,0.2,4
6b+,Star Wars,Küllüin,Küllüin,104,0.72,0.07,3
7b+,Star Wars,Unknown Sector,Küllüin,3,0.33,0.0,0
7c,Suskunlar,Küllüin,Küllüin,17,0.24,0.06,3
5c,Tapu Kadastro,Küllüin,Küllüin,71,0.83,0.07,3
6c,Tiger touches sky,Küllüin,Küllüin,48,0.61,0.13,4
7b+,"Too old to rock'n'roll, too young to die",Küllüin,Küllüin,87,0.3,0.23,4
7c+,Vantuz,Küllüin,Küllüin,7,0.0,0.0,4
7a,Who let the boobs out?,Küllüin,Küllüin,14,0.36,0.14,4
5c,Zeitgeist,Küllüin,Küllüin,58,0.93,0.07,3
6a+,Zengengriff trifft zungenkuss,Küllüin,Küllüin,21,0.76,0.05,3
7a,newone1,Küllüin,Küllüin,2,1.0,0.0,3
6c+,yeni rota kulluinde,Küllüin,Küllüin,1,1.0,0.0,3
7a+,Çot kereste,Küllüin,Küllüin,39,0.51,0.15,3
7a+,Çölde Çay,Küllüin,Küllüin,3,0.0,0.0,4
7a,Atlas,Külüin Terras,Külüin Terras,35,0.71,0.0,3
5c,Alex Köhler Memorial,Left Cave,Left Cave,134,0.71,0.05,3
7b+,Black Moon,Left Cave,Left Cave,573,0.36,0.2,4
5b,"California Dreaming, pitch 1",Left Cave,Left Cave,20,0.75,0.05,3
7a,Camelita,Left Cave,Left Cave,21,0.62,0.14,3
7a+,Drop Zone,Left Cave,Left Cave,25,0.76,0.04,3
8a+,Family Affair,Left Cave,Left Cave,126,0.06,0.1,4
5b,Firestarter,Left Cave,Left Cave,41,0.95,0.02,3
5b,"Firestarter,supernova",Left Cave,Left Cave,1,1.0,0.0,0
6b,Global warming,Left Cave,Left Cave,70,0.86,0.03,3
7c+,Going Out West,Left Cave,Left Cave,16,0.13,0.31,4
6b,Hadi Git,Left Cave,Left Cave,171,0.77,0.08,3
5a,Havensgate,Left Cave,Left Cave,99,0.91,0.08,3
6a,Havensgate,Left Cave,Left Cave,2,1.0,0.0,0
7c+,Junimond,Left Cave,Left Cave,243,0.26,0.1,3
5c,Kara Kemer,Left Cave,Left Cave,130,0.77,0.1,4
4a,Kinetic Koncert,Left Cave,Left Cave,48,0.92,0.04,2
4b,Kinetic Koncert,Left Cave,Left Cave,3,1.0,0.0,5
5a,Kinetic Koncert,Left Cave,Left Cave,1,1.0,0.0,0
7b,Luna Park Perseus,Left Cave,Left Cave,1,0.0,0.0,5
6b,Luna park,Left Cave,Left Cave,237,0.76,0.03,2
6a+,Mountain Gay,Left Cave,Left Cave,126,0.87,0.1,3
6a+,Noname between Global Warming and Unter Storm,Left Cave,Left Cave,1,1.0,0.0,0
7c+,Perseus,Left Cave,Left Cave,140,0.17,0.11,4
6c+,Rocket Man,Left Cave,Left Cave,567,0.71,0.16,4
7c,Rocket Man,Left Cave,Left Cave,50,0.24,0.04,2
6c,Samanyolu,Left Cave,Left Cave,209,0.74,0.13,3
6c+,Samuel,Left Cave,Left Cave,2,0.0,0.0,3
6b+,Sultanahmet,Left Cave,Left Cave,82,0.9,0.17,3
8a+,Süpernova,Left Cave,Left Cave,102,0.05,0.1,4
7b,Toxic Gravity,Left Cave,Left Cave,172,0.18,0.04,3
6c,Unter storm,Left Cave,Left Cave,53,0.79,0.11,3
7a,Yilan,Left Cave,Left Cave,1,0.0,0.0,0
7c+,huy znayet zabyl,Left Cave,Left Cave,1,0.0,0.0,0
6c,on right to toxic gravity,Left Cave,Left Cave,2,1.0,0.0,5
7a,10 years anniversary,Magara,Magara,460,0.54,0.08,3
7a,Agustos Bocegi,Magara,Magara,308,0.59,0.08,3
7a+,Amele,Magara,Magara,412,0.51,0.09,3
6b+,Ashman,Magara,Magara,60,0.7,0.0,2
6b+,Blue attack,Magara,Magara,23,0.87,0.05,3
6a,Crying Boy,Magara,Magara,185,0.85,0.02,2
6b,Crying girl,Magara,Magara,130,0.69,0.02,2
5a,Gey-ik,Magara,Magara,114,0.88,0.03,3
5b,Jakuzi,Magara,Magara,15,0.93,0.0,4
7a,Karınca,Magara,Magara,699,0.55,0.16,4
6a,Muhtar,Magara,Magara,395,0.88,0.04,3
6b+,Mum Isiginda Yemek,Magara,Magara,20,0.8,0.0,3
7b,Mum Isiginda Yemek (Sag/right),Magara,Magara,149,0.38,0.1,3
6b+,Mum isiginda yemek (sol/left),Magara,Magara,142,0.78,0.04,2
7b,Mum isiginda yemek (sol/left),Magara,Magara,19,0.42,0.0,2
6b,Nirvana,Magara,Magara,590,0.78,0.1,3
8a,Plastik Fantastik,Magara,Magara,183,0.12,0.09,3
6b,Ramin,Magara,Magara,29,0.52,0.03,2
7a+,Ramin/Bird of Pray,Magara,Magara,106,0.77,0.02,3
6b+,Red Attack,Magara,Magara,44,0.61,0.0,2
7b+,Sabotaj,Magara,Magara,310,0.56,0.07,3
7c,Selamın Aleyküm,Magara,Magara,185,0.28,0.15,4
6b,Uçan Teneke,Magara,Magara,216,0.68,0.07,3
6b,cristal cragg,Magara,Magara,49,0.84,0.14,4
6c,fiesta,Magara,Magara,25,1.0,0.08,4
6b+,mum isiginda yemek left,Magara,Magara,2,1.0,0.0,0
6b+,mum işığında yemek sol,Magara,Magara,2,0.5,0.0,0
6c+,İn Ordan,Magara,Magara,247,0.53,0.08,3
5c,Feine Sahne Fischfilet,Mandela,Mandela,7,0.86,0.0,3
6a+,Just friends,Mandela,Mandela,12,0.67,0.08,3
5c,Just in time,Mandela,Mandela,10,0.9,0.1,3
4a,Linneau,Mandela,Mandela,5,0.8,0.0,3
5c,Mandela,Mandela,Mandela,8,0.75,0.0,3
6a+,Mucahit,Mandela,Mandela,7,1.0,0.0,1
6b+,The End,Mandela,Mandela,13,0.69,0.15,3
7b,1 re von come as you are,Mevlana,Mevlana,1,1.0,0.0,0
6c,Antalya Icin,Mevlana,Mevlana,1,1.0,0.0,3
6c,Antalya icin 747 nolu ucus,Mevlana,Mevlana,260,0.65,0.02,2
7b+,Antalya için 747 nolu uçuş (ext.),Mevlana,Mevlana,5,0.4,0.0,3
7c,Bad boys in town,Mevlana,Mevlana,4,0.0,0.0,0
7b,Bakhiti Yoga,Mevlana,Mevlana,7,0.57,0.0,3
7b,Bakthi yoga,Mevlana,Mevlana,72,0.5,0.15,3
7a,Bartabas,Mevlana,Mevlana,421,0.69,0.12,4
7a+,Bird of prey,Mevlana,Mevlana,2,1.0,0.0,5
7b,Blue Hotel,Mevlana,Mevlana,192,0.52,0.13,4
7c,Boys are back in town,Mevlana,Mevlana,141,0.18,0.16,4
8a,Come as you are,Mevlana,Mevlana,65,0.23,0.08,3
7a,Crescendo,Mevlana,Mevlana,256,0.59,0.03,2
7a+,Crescendo,Mevlana,Mevlana,1,1.0,0.0,0
7a+,Da Vinci Mode,Mevlana,Mevlana,140,0.76,0.07,3
6b,Dumlupinar,Mevlana,Mevlana,387,0.85,0.06,3
6b,Dumplupinar,Mevlana,Mevlana,6,0.83,0.0,4
7c+,Fun in the Sun,Mevlana,Mevlana,79,0.31,0.08,4
6c+,Homodeus,Mevlana,Mevlana,14,0.71,0.07,2
7c,In memory of Giovanni Quirici,Mevlana,Mevlana,173,0.24,0.2,4
7b,Krakov,Mevlana,Mevlana,39,0.44,0.03,3
8a,Küçücük,Mevlana,Mevlana,20,0.05,0.05,3
7b,L'homme à l'envers,Mevlana,Mevlana,206,0.71,0.22,4
8a,Memory of Giovanni (ext.),Mevlana,Mevlana,11,0.0,0.18,3
6c+,Mevlana,Mevlana,Mevlana,374,0.72,0.1,3
7c,Mevlana,Mevlana,Mevlana,165,0.42,0.13,4
7b,Montenegro,Mevlana,Mevlana,83,0.3,0.17,3
7b,Müren,Mevlana,Mevlana,163,0.36,0.11,3
7a+,N.N. (bartabas),Mevlana,Mevlana,2,0.5,0.0,0
8a+,N.N. (droite de turkish),Mevlana,Mevlana,1,0.0,0.0,5
7b+,Omlet,Mevlana,Mevlana,19,0.32,0.0,3
6c,Omlet/ Tenten konglomera'da,Mevlana,Mevlana,9,1.0,0.33,4
7a+,Piolla 2008,Mevlana,Mevlana,1,1.0,0.0,0
7b,Rock republic,Mevlana,Mevlana,215,0.58,0.15,3
7a,Sapiens,Mevlana,Mevlana,27,0.37,0.11,4
6c+,Semazen,Mevlana,Mevlana,258,0.7,0.12,4
8a+,Sin City,Mevlana,Mevlana,7,0.0,0.14,5
6b,Tattoo,Mevlana,Mevlana,60,0.65,0.0,2
6b+,Tattoo,Mevlana,Mevlana,4,0.75,0.0,3
6c,Tenten konglomera'da,Mevlana,Mevlana,186,0.82,0.02,2
7c,Tenten konglomera'da,Mevlana,Mevlana,107,0.34,0.04,3
8a,Trio de Ligoville,Mevlana,Mevlana,197,0.15,0.15,4
7b,Turkiye'ye (?),Mevlana,Mevlana,1,0.0,0.0,3
7a+,Türkiye'ye,Mevlana,Mevlana,211,0.56,0.06,3
7b,Türkiye'ye,Mevlana,Mevlana,2,0.5,0.0,0
6b,Wrong Route,Mevlana,Mevlana,1,1.0,0.0,0
6c+,Zen Attitude,Mevlana,Mevlana,43,0.67,0.05,3
6c+,Zen attune,Mevlana,Mevlana,1,0.0,0.0,0
7a,korotkiy sleva,Mevlana,Mevlana,1,0.0,0.0,0
7a+,l'envers,Mevlana,Mevlana,1,1.0,0.0,0
6c,ribolos,Mevlana,Mevlana,1,1.0,0.0,0
6b,wating for holidays,Mevlana,Mevlana,1,1.0,0.0,0
6b,yasabir,Mevlana,Mevlana,1,1.0,0.0,0
7c,American Idiot,Michi,Michi,7,0.14,0.29,4
6c+,Brand new start,Michi,Michi,17,0.82,0.24,4
6c+,Climb To Sky,Michi,Michi,14,0.64,0.14,4
7b+,Garlik And Chees,Michi,Michi,6,0.5,0.17,4
6a,Michi,Michi,Michi,31,0.84,0.1,3
7b+,Only The Good Die Young,Michi,Michi,7,0.57,0.0,4
6c,Sahi Baba,Michi,Michi,17,0.65,0.12,3
7b+,Sari Dev,Michi,Michi,6,0.33,0.17,4
6a+,Sarı dev (1p),Michi,Michi,22,0.96,0.14,4
6c+,Serefe,Michi,Michi,22,0.77,0.23,4
7a+,Wild Horses,Michi,Michi,10,0.6,0.1,4
7a+,Çok Yoruldum,Michi,Michi,22,0.64,0.18,4
6c+,Çok yoruldum l1,Michi,Michi,11,0.55,0.09,3
7a,Antimatter,Moon,Moon,6,0.67,0.33,4
6b,Buddha's Revenge,Moon,Moon,7,0.72,0.0,3
6c,Der neue stecher,Moon,Moon,1,1.0,0.0,1
6c+,Limon Ay,Moon,Moon,6,1.0,0.17,4
7c,Moonraker,Moon,Moon,2,0.0,0.0,0
7c+,Colomania,Oekuezini,Oekuezini,1,1.0,1.0,5
8a+,Storm,Oekuezini,Oekuezini,4,0.5,0.25,5
7a,salt and pepper,okuzini,Oekuezini,1,1.0,0.0,0
6c+,14/18,Ottoman,Ottoman,6,0.67,0.17,3
5c,Abracadabra,Ottoman,Ottoman,59,0.93,0.02,2
5c,Achtung Baby,Ottoman,Ottoman,65,0.92,0.02,2
6c,Action type,Ottoman,Ottoman,26,0.69,0.08,3
6c,Ala Daglar,Ottoman,Ottoman,121,0.87,0.1,3
7b,Bakthi Yoga,Ottaman,Ottoman,1,0.0,0.0,0
6c,Berberlerin kralı,Ottoman left,Ottoman,18,0.39,0.16,4
6b,Beyaz gelin,Ottoman,Ottoman,69,0.9,0.06,3
7b,Blue Hotel,Ottoman,Ottoman,16,0.38,0.25,4
6a,Dame de pique,Ottoman,Ottoman,88,0.84,0.02,3
6b+,Empire Byzantine L1,Ottoman,Ottoman,3,0.67,0.0,5
7a+,End of the innocence,Ottoman,Ottoman,5,0.4,0.0,3
6c,Es Sahhaf,Ottoman,Ottoman,70,0.73,0.09,2
7a+,Explorer,Ottoman,Ottoman,105,0.41,0.06,3
7a+,Flight 666,Ottoman,Ottoman,55,0.64,0.13,4
7b,Hotel Blue,Ottoman,Ottoman,3,0.33,0.0,5
7b,Insomnia,Ottoman,Ottoman,12,0.5,0.0,3
6b+,Jass Party,Ottoman,Ottoman,181,0.86,0.07,3
5c,Jass Party (Short),Ottoman,Ottoman,23,0.78,0.09,2
7a,L empireConre AttaqueExt,Ottoman,Ottoman,1,1.0,0.0,5
6b+,L'Empire Contre Attaque,Ottoman,Ottoman,132,0.9,0.07,3
7a+,L'Empire Contre Attaque,Ottoman,Ottoman,20,0.7,0.25,4
7a+,L'Empire Ottoman,Ottoman,Ottoman,136,0.62,0.12,4
7a+,L'mpire corne attaque,Ottoman,Ottoman,7,0.86,0.0,3
6a,Marmara,Ottoman,Ottoman,165,0.91,0.02,3
7b,Montenegro,Ottoman,Ottoman,25,0.52,0.12,3
6a+,Mukata,Ottoman,Ottoman,99,0.89,0.03,3
6c,N.N. (es sahhaf)left),Ottoman,Ottoman,1,1.0,0.0,0
7a+,Noir Desir,Ottoman,Ottoman,52,0.52,0.02,3
7b,Ottoman?,Ottoman,Ottoman,3,1.0,0.0,0
6b,Renotoros,Ottoman,Ottoman,101,0.85,0.06,3
6c,Rigolos,Ottoman,Ottoman,310,0.85,0.17,4
6c+,Semazen,Ottoman,Ottoman,26,0.58,0.31,4
6a,Sems'in Ruhu,Ottoman,Ottoman,152,0.95,0.03,3
7b+,So Long Beauty,Ottoman,Ottoman,10,0.5,0.0,3
6a,Spider Solitaire,Ottoman,Ottoman,161,0.92,0.03,3
6c+,Spider Solitaire,Ottoman,Ottoman,19,0.9,0.21,4
6a,Spider Solitaire (Crag misspelled „ottoman“),Ottoman,Ottoman,1,1.0,0.0,1
6a,Spider Solitaire (Short),Ottoman,Ottoman,6,0.67,0.0,0
5c,Tas Ocagi,Ottoman,Ottoman,6,0.83,0.0,5
6a,Tas Ocagi,Ottoman,Ottoman,127,0.94,0.07,3
7a+,Vanilla Sky,Ottoman,Ottoman,45,0.64,0.16,4
6a,Viva Chavez,Ottoman,Ottoman,8,0.75,0.38,3
8a,Viva Chavez,Ottoman,Ottoman,12,0.0,0.0,3
5c,Welcome Baby,Ottoman,Ottoman,54,0.91,0.02,3
6b+,Welcome Baby,Ottoman,Ottoman,19,0.95,0.05,3
6c+,Zen Yoga,Ottoman,Ottoman,2,0.5,0.5,5
6b+,empire Byzantine,Ottoman,Ottoman,73,0.86,0.03,3
7a+,empire Byzantine,Ottoman,Ottoman,32,0.75,0.06,3
6a,muzmin bekar,Ottoman,Ottoman,27,1.0,0.0,3
6b+,Şen dul,Ottoman,Ottoman,11,0.82,0.18,4
6c,Babouche Pasa,Pasa,Pasa,9,0.78,0.0,3
5c,Baklava Blues,Pasa,Pasa,8,1.0,0.0,0
5b,Mama Gozleme,Pasa,Pasa,8,1.0,0.0,0
6a+,Sabatik trip,Pasa,Pasa,10,0.9,0.1,4
6c,Skin Hell,Pasa,Pasa,5,1.0,0.0,0
6b,Atacama,Patagonia,Patagonia,50,0.82,0.1,2
7a+,Bariloche,Patagonia,Patagonia,61,0.38,0.23,4
6a+,Bolivya,Patagonia,Patagonia,36,0.92,0.08,3
6c+,Cerveza,Patagonia,Patagonia,18,0.72,0.11,3
6b+,Che,Patagonia,Patagonia,22,0.77,0.23,4
7b+,Darvin,Patagonia,Patagonia,5,0.2,0.2,4
6c,Despacito,Patagonia,Patagonia,20,0.7,0.2,3
6a+,Dorothy,Patagonia,Patagonia,41,0.9,0.1,3
6c+,El Chalten,Patagonia,Patagonia,43,0.72,0.12,3
7a,Fitz Roy,Patagonia,Patagonia,24,0.88,0.13,3
6c,Juvinal,Patagonia,Patagonia,38,0.71,0.34,4
6b,Manyana,Patagonia,Patagonia,39,0.84,0.11,4
7c,Patagonia,Patagonia,Patagonia,28,0.11,0.18,4
6a,Ushuaia,Unknown Sector,Patagonia,12,0.83,0.08,3
6c+,Ushuaia,Patagonia,Patagonia,21,0.33,0.1,3
7a,Uyuni,Patagonia,Patagonia,83,0.79,0.13,3
6a+,escobar,Patagonia,Patagonia,20,0.95,0.05,3
6c+,Şili'ye Özgürlük,Patagonia,Patagonia,17,0.94,0.35,3
6a+,14/18,Poseidon,Poseidon,10,1.0,0.1,2
6c,Bagdad café,Poseidon,Poseidon,205,0.69,0.08,3
6c,Bagdat Cafe,Poseidon,Poseidon,1,0.0,0.0,0
7b,Big Turkey,Poseidon,Poseidon,151,0.62,0.12,4
6c,Demavend,Poseidon,Poseidon,324,0.91,0.05,3
7b,Demir Kazık,Poseidon,Poseidon,270,0.61,0.09,3
7c+,Dionysis,Poseidon,Poseidon,4,0.0,0.0,3
7c+,Dyonisos,Poseidon,Poseidon,54,0.24,0.07,3
6a,En Iyisi o (Neco),Poseidon,Poseidon,1,1.0,0.0,0
6c,Ipek Yolu,Poseidon,Poseidon,198,0.83,0.11,4
6c,Kakut,Poseidon,Poseidon,111,0.75,0.09,3
6a,King Crimson,Poseidon,Poseidon,204,0.9,0.07,3
5c+,Le Bombe Bleu,Poseidon,Poseidon,1,1.0,0.0,4
6b+,Le Bombe Bleu,Poseidon,Poseidon,4,1.0,0.25,4
7a,Le pilier des roumis,Poseidon,Poseidon,1,0.0,1.0,5
7a+,Little Big Wall,Poseidon,Poseidon,229,0.56,0.13,4
6c,N.N. (FEMA end),Poseidon,Poseidon,1,1.0,0.0,0
6b+,N.N. (left of Crimson),Poseidon,Poseidon,1,0.0,0.0,0
7b,Neptune,Poseidon,Poseidon,215,0.45,0.1,3
6c+,Noel Baba,Poseidon,Poseidon,116,0.74,0.07,3
7a+,Oje,Poseidon,Poseidon,54,0.5,0.04,3
7a+,Oktos,Poseidon,Poseidon,56,0.68,0.04,3
5b,Pichnibulle,Poseidon,Poseidon,2,1.0,0.0,0
6c,Pichnibulle,Poseidon,Poseidon,2,0.0,0.5,5
7b,Poseidon,Poseidon,Poseidon,240,0.45,0.13,3
7b,Poseidon Tavan,Poseidon,Poseidon,99,0.54,0.06,3
8a+,Poseidon Tavan,Poseidon,Poseidon,78,0.08,0.09,3
6b+,Takoz,Poseidon,Poseidon,201,0.78,0.07,3
7a+,Toros,Poseidon,Poseidon,3,0.33,0.33,5
7b,Toros,Poseidon,Poseidon,373,0.65,0.05,3
6a+,Ya Sabir,Poseidon,Poseidon,240,0.91,0.12,4
7c,Everyday Rosydays,Reverrance,Reverrance,1,1.0,1.0,5
8b+,Red is dead,Reverrance,Reverrance,1,0.0,1.0,5
5b,Ausflipper,Right cave,Right cave,82,0.93,0.02,2
7c,Blocage orange,Right cave,Right cave,67,0.15,0.05,2
6b,Happy Birthday Tobi,Right cave,Right cave,132,0.78,0.14,3
5b,Lola,Right cave,Right cave,67,0.88,0.02,3
7b+,Maymun salincagi,Right cave,Right cave,40,0.38,0.0,3
7c,Maymun salincagi,Right cave,Right cave,1,0.0,0.0,5
6a+,Mogli,Right cave,Right cave,129,0.8,0.02,2
7a+,Nemo,Right cave,Right cave,222,0.46,0.04,3
6a,Pianist,Right cave,Right cave,75,0.79,0.04,3
5b,Silvie's secret,Right cave,Right cave,63,0.81,0.02,2
5c,Sincap,Right cave,Right cave,72,0.93,0.04,3
6a,Tric tric trac,Right cave,Right cave,131,0.9,0.02,2
6c+,Ce n'est pas bleu,Ruzgarli Left,Ruzgarli Left,1,1.0,0.0,0
7a,Otolastic,rusgarli bahce,Ruzgarli Left,1,1.0,1.0,0
7c+,Animasyon otomatik,Rüzgarli Bahçe,Rüzgarli Bahçe,125,0.06,0.21,4
6a+,Brandia Rossa,Rüzgarli Bahçe,Rüzgarli Bahçe,40,0.88,0.05,2
6c+,C'est ne pas bleau,Rüzgarli Bahçe,Rüzgarli Bahçe,3,0.33,0.0,1
6c+,Ce n'est pas bleau,Rüzgarli Bahçe,Rüzgarli Bahçe,67,0.6,0.12,3
6b+,Ce n'est pas possible,Rüzgarlı Bahçe Left,Rüzgarli Bahçe,12,0.83,0.0,3
6c,Ce n'est pas possible,Rüzgarli Bahçe,Rüzgarli Bahçe,165,0.63,0.16,4
7a+,Dejenerasyon,Rüzgarli Bahçe,Rüzgarli Bahçe,141,0.54,0.17,3
7a+,Deyenenesyan,Rüzgazli,Rüzgarli Bahçe,1,1.0,0.0,0
6b,Flying Dutchman,Rüzgarli Bahçe,Rüzgarli Bahçe,197,0.85,0.09,3
7a+,Günah Yuvası,Ruzgarli Bahce,Rüzgarli Bahçe,27,0.59,0.07,3
7a+,Kartal Yuvası,Ruzgarli Bahce,Rüzgarli Bahçe,38,0.42,0.13,3
7a,Karınca Adası,Ruzgarli Bahce,Rüzgarli Bahçe,305,0.64,0.13,3
7b+,Kaybedenler Klübü,Rüzgarli Bahce Right,Rüzgarli Bahçe,42,0.45,0.17,4
7b+,Kaybedenler Kulubu,Ruzgarli Bahce,Rüzgarli Bahçe,25,0.4,0.16,4
6b,Keine Trane,Ruzgarli Bahce,Rüzgarli Bahçe,110,0.91,0.11,3
7a+,Kent FM,Ruzgarli Bahce,Rüzgarli Bahçe,59,0.64,0.2,4
8a,Monkey Business,Rüzgarli Bahçe,Rüzgarli Bahçe,123,0.07,0.28,4
7b+,New Fucking Generation,Rüzgarli Bahce Right,Rüzgarli Bahçe,92,0.38,0.17,4
7a,No name,Rüzgarli Bahçe,Rüzgarli Bahçe,1,0.0,0.0,4
7a,Otolastik,Rüzgarli Bahçe,Rüzgarli Bahçe,265,0.67,0.1,3
6c+,Ruzgarli Bahce,Ruzgarli Bahce,Rüzgarli Bahçe,137,0.75,0.14,3
6c+,Rüzgarlı Bahçe,Rüzgarli Bahçe,Rüzgarli Bahçe,32,0.81,0.13,4
8b,Scrotum Maximum,Ruzgarli Bahce,Rüzgarli Bahçe,20,0.05,0.1,3
7b,Uzun ihsan,Ruzgarli Bahce,Rüzgarli Bahçe,197,0.37,0.24,4
7a+,right and left to cést pas bleau,Rüzgarli Bahçe,Rüzgarli Bahçe,8,0.38,0.38,4
7b,right to cést pas bleau,Rüzgarli Bahçe,Rüzgarli Bahçe,6,0.5,0.5,4
7b+,Absinth,Sandal,Sandal,4,0.25,0.25,4
6a+,Alprösli,Sandal,Sandal,8,0.75,0.5,4
7a,Bana Gel,Sandal,Sandal,7,0.71,0.29,4
6c+,Hediye,Sandal,Sandal,6,0.5,0.33,3
5c,Hoş Geldiniz,Sandal,Sandal,1,1.0,0.0,5
7b,Künefe,Sandal,Sandal,8,0.13,0.38,4
6c,Sandal,Sandal,Sandal,15,0.87,0.33,4
5c,Southern Comfort,Sandal,Sandal,2,1.0,0.5,5
6b,Tesoro mio,Sandal,Sandal,4,0.75,0.5,4
5c,Alaaddin'in lambasi,Sarkit,Sarkit,15,0.86,0.0,3
6a,Alaaddin'in lambasi,Sarkit,Sarkit,59,0.88,0.03,3
5c,Alladin in Lambasi,Sarkit,Sarkit,2,1.0,0.0,0
7b+,Back on funky planet,Sarkit,Sarkit,220,0.57,0.21,4
7a,Big blind,Sarkit,Sarkit,363,0.58,0.08,3
7a,Big blind L1,Sarkit Left,Sarkit,7,0.43,0.0,4
6b,Bizon,Sarkit,Sarkit,349,0.84,0.09,3
5a,Black sheep,Sarkit,Sarkit,1,0.0,0.0,0
6c,Caf Caf,Sarkit,Sarkit,326,0.79,0.03,2
6c+,Colonist,Sarkit,Sarkit,250,0.78,0.16,4
8a+,Colonist,Sarkit,Sarkit,106,0.18,0.14,4
4b,Cosmic Girl,Sarkit Left,Sarkit,3,1.0,0.0,5
5a,Cosmic Girl,Sarkit,Sarkit,67,0.82,0.03,3
6a+,Cristal crag,Sarkit,Sarkit,35,0.8,0.14,4
6a,Drama Queen,Sarkit,Sarkit,11,1.0,0.09,4
7b+,Drama Queen,Sarkit,Sarkit,5,0.2,0.0,3
6c,Drill instructor,Sarkit,Sarkit,150,0.8,0.09,3
7a+,Drill instructor,Sarkit,Sarkit,5,0.8,0.0,4
8c,Drop City,Sarkit,Sarkit,10,0.1,0.1,4
7a,Fa fa fa,Sarkit,Sarkit,10,0.8,0.2,4
7c,Finger prostitution,Sarkit,Sarkit,151,0.62,0.06,3
7c+,Flat Rate,Sarkit,Sarkit,129,0.25,0.05,3
7a+,Fragile Dreams,Sarkit,Sarkit,19,0.63,0.0,2
7a+,Geyikbayiri Jazz band,Sarkit,Sarkit,12,0.5,0.08,3
7b+,Geyikbayırı Games,Sarkit,Sarkit,178,0.45,0.1,4
7c,Geyikbayırı Games (2. pitch),Sarkit,Sarkit,3,0.0,0.67,4
6c,Gladutschki,Sarkit,Sarkit,198,0.76,0.04,3
7b+,Gladutschki,Sarkit,Sarkit,8,0.5,0.25,4
7c+,High Hopes,Sarkit,Sarkit,76,0.48,0.03,3
7b+,Huyaki Akbar,Sarkit,Sarkit,1,1.0,0.0,0
6b+,Imagination,Sarkit Sol,Sarkit,64,0.66,0.02,3
7a,Imagination,Sarkit,Sarkit,553,0.78,0.06,3
7a,Imagination 2.Seillänge,Sarkit,Sarkit,1,1.0,0.0,0
6b+,Imagination first pitch,Sarkit,Sarkit,7,1.0,0.0,4
7b+,Inner smile,Sarkit,Sarkit,357,0.33,0.12,4
7a+,Ja Ja City,Sarkit,Sarkit,396,0.79,0.16,4
7b,Jakuzi,Sarkit,Sarkit,4,0.0,0.0,5
7b+,Just smile,Sarkit,Sarkit,5,0.4,0.0,4
6b+,Little Miss Sunshine Ext,Sarkit,Sarkit,3,0.67,0.0,0
5a,Little girl sunshine,Sarkit,Sarkit,2,1.0,0.0,0
6b+,Little miss sunshine,Sarkit,Sarkit,59,0.92,0.05,4
8a,Local Tourist,Sarkit,Sarkit,115,0.17,0.11,4
6b,Lu,Sarkit,Sarkit,369,0.75,0.09,3
8b,Luke Skywalker,Sarkit,Sarkit,33,0.09,0.06,3
6b+,Melodram,Sarkit,Sarkit,3,0.0,0.33,5
7c+,Melodram extantion,Sarkit,Sarkit,1,0.0,0.0,0
8a,Melodram extantion,Sarkit,Sarkit,1,0.0,0.0,0
7b+,Melting souls,Sarkit,Sarkit,271,0.64,0.14,4
6c+,Mezarlariniza tukuricem,Sarkit,Sarkit,1,1.0,0.0,5
7a+,Mikrop,Sarkit,Sarkit,11,0.46,0.0,2
6a,N. N,Sarkit,Sarkit,1,1.0,0.0,3
7c+,Okrimono,Sarkit,Sarkit,130,0.46,0.09,4
8b,Olympos Games,Sarkit,Sarkit,90,0.2,0.08,4
8b,Over the top,Sarkit,Sarkit,68,0.04,0.27,4
7a+,Poker Face,Sarkit,Sarkit,189,0.58,0.07,3
7a+,Psycho Shepherd,Sarkit,Sarkit,180,0.59,0.06,4
7c,Psycho killer,Sarkit,Sarkit,46,0.3,0.09,3
7b+,Pusht Bush,Sarkit,Sarkit,333,0.66,0.14,4
5c,Qu'est-ce que c'est,Sarkit,Sarkit,4,0.75,0.0,0
7b,Qu'est-ce que c'est extension,Sarkit,Sarkit,6,0.5,0.0,4
8a,Rafsta Games,Sarkit,Sarkit,8,0.0,0.13,4
7b,Ramazotti Club,Sarkit,Sarkit,1,1.0,0.0,5
8a+,Requiem,Sarkit,Sarkit,8,0.13,0.0,2
6c,Retsa,Sarkit,Sarkit,238,0.74,0.11,3
8a,Sarkıt  Souls,Sarkit,Sarkit,209,0.3,0.12,4
6b+,Saxafon,Sarkit,Sarkit,595,0.66,0.2,4
7b,Saxafon-Skyline,Sarkit,Sarkit,1,0.0,0.0,5
6c,Siesta,Sarkit,Sarkit,41,0.81,0.1,3
6b+,Sirdan Dolmasi,Sarkit,Sarkit,153,0.72,0.06,3
7c,Skyline,Sarkit,Sarkit,143,0.35,0.17,4
6a,SulCocugü,Sarkit,Sarkit,1,1.0,0.0,3
6a,Süt Cocugu,Sarkit,Sarkit,258,0.84,0.04,3
6b+,Süt Cocugu,Sarkit,Sarkit,1,1.0,0.0,3
6b+,Uckagitci Ask,Sarkit,Sarkit,71,0.67,0.04,3
7b,Viagra,Sarkit,Sarkit,1,1.0,0.0,0
7b,Viagra cocugu,Sarkit,Sarkit,237,0.69,0.06,3
7c+,White Spirit,Sarkit,Sarkit,43,0.26,0.05,4
6a+,Working Class,Sarkit,Sarkit,158,0.8,0.0,2
6c+,Yagmur Duasi,Sarkit,Sarkit,142,0.8,0.16,4
7c,Yankee go home,Sarkit,Sarkit,20,0.5,0.0,2
7a,Yorma beni,Sarkit,Sarkit,51,0.8,0.02,3
7a+,Zalia,Sarkit,Sarkit,316,0.6,0.06,3
6a,between cosmic girl and imagination,Sarkit,Sarkit,2,0.5,0.5,5
7a,el rostollet,Sarkit,Sarkit,36,0.67,0.08,2
6b,imagination L1,Sarkit,Sarkit,9,0.67,0.0,4
7a+,neue Route Cave,Sarkit,Sarkit,1,1.0,0.0,3
6b+,Üçkağitçi aşik,Sarkit,Sarkit,9,1.0,0.0,3
8a,Game of trance,Sikret Sektor,Sikret Sektor,1,1.0,1.0,0
5a,"1,5",sincap 2,Sincap,1,1.0,0.0,0
6a,"1,5",Sincap,Sincap,2,0.5,0.0,0
5a,7,Sincap,Sincap,1,1.0,0.0,0
6a,Alzheimers Onsight,Sincap,Sincap,9,0.89,0.11,4
6b,Blame It On The Boogie,Sincap,Sincap,17,0.82,0.06,4
5a,Dali,Sincap,Sincap,9,0.89,0.11,3
5a,Deep troat,Sincap,Sincap,10,0.9,0.0,3
6a,Dicke Nudel,Sincap 3,Sincap,8,1.0,0.0,3
5b,Fak Fakir,Sincap,Sincap,16,1.0,0.13,3
6c,Fanta 4,Sincap,Sincap,11,0.09,0.18,4
6b,Kapten Hook,Sincap,Sincap,3,0.0,0.0,4
5c,Katainsche's Dance,Sincap,Sincap,14,0.86,0.07,3
5b,Kind a like van gogh,Sincap,Sincap,8,0.88,0.0,4
5b,Luna Star,Sincap,Sincap,15,0.93,0.0,5
6b,Marlboro man,Sincap,Sincap,2,0.5,0.5,4
5c,Miss mob,Sincap,Sincap,9,1.0,0.0,3
5a,Picasso Draws the Line,Sincap 3,Sincap,11,0.82,0.27,3
6a+,Strawberry Fields,Sincap,Sincap,28,0.93,0.07,3
5a,Y left,Sincap,Sincap,1,1.0,0.0,1
5a,Y right,Sincap,Sincap,1,1.0,0.0,1
6a+,kleines scharfes Ding,Sincap,Sincap,1,1.0,0.0,0
5b,3D Channe,Teras,Teras Left,4,0.5,0.0,3
6c,Gozleme Station,Teras Left,Teras Left,11,0.36,0.18,3
6b,Hobbitt,Teras Right,Teras Left,29,0.83,0.11,4
5c,Kopekler Bale Yapmaz,Teras Left,Teras Left,3,0.33,0.0,0
6a+,No Reservations,Teras,Teras Left,8,0.88,0.0,1
6b,Sensitive meatball,Teras Left,Teras Left,13,0.46,0.08,3
6b+,Bienal,Toki,Toki,13,0.69,0.0,3
7b,Bienal,Toki,Toki,1,0.0,0.0,3
7b,Bienal Extantion,Toki,Toki,2,0.0,0.0,3
6b,Fake Alpinist,Toki,Toki,28,0.96,0.11,3
6b+,KAYIP DUNYA,Toki,Toki,30,0.87,0.07,3
6a+,La porte des Pondes,Toki,Toki,48,0.88,0.07,3
6c,The last world,Toki,Toki,4,0.75,0.0,0
6c+,The last world,Toki,Toki,14,0.79,0.0,2
5a,Toki,Unknown Sector,Toki,5,0.6,0.0,0
6c,Toki,Toki,Toki,39,0.72,0.1,3
6c,Zlatni Dukat,Toki,Toki,34,0.53,0.15,4
6b,brazil carnavaller,Toki,Toki,1,1.0,0.0,0
6b,les portes des pondes,Toki,Toki,3,1.0,0.0,0
7b+,Airbnb Çılgınlığı,Top Alanı,Top Alanı,5,0.0,0.0,4
6c,Alkolika,Top Alanı,Top Alanı,23,0.61,0.31,4
6c+,Altin Kizlar,Top Alanı,Top Alanı,32,0.66,0.22,4
7c,Aristokrats,Top Alanı,Top Alanı,7,0.14,0.0,3
7b,Ciğerim Söndü,Top Alanı sağ,Top Alanı,7,0.57,0.14,3
7a,Code of conduct,Top Alanı,Top Alanı,27,0.37,0.19,4
6a+,Deniz,Top Alanı sağ,Top Alanı,6,0.83,0.0,5
7a+,Euro 17,Top Alanı sağ,Top Alanı,4,0.75,0.0,5
5c,Foxy lady,Top Alanı,Top Alanı,2,1.0,0.0,3
5b,Gündönümü,Top Alanı,Top Alanı,1,1.0,0.0,3
7a,Hadi Hadi,Top Alanı,Top Alanı,36,0.75,0.11,4
6c,Kara Büyü,Top Alanı sağ,Top Alanı,9,0.67,0.11,3
5c,Kuyruksuz uçurtma,Top Alanı,Top Alanı,8,1.0,0.0,5
5c,KÖSEYI DÖNECEGIM,Top Alanı,Top Alanı,1,1.0,1.0,5
7b+,Müdür,Top Alanı sağ,Top Alanı,9,0.33,0.11,4
7b,Personal Jesus,Top Alanı,Top Alanı,32,0.59,0.06,4
7b+,Peugeot J9,Top Alanı,Top Alanı,20,0.2,0.1,4
5c+,Plandemic,Top Alanı,Top Alanı,6,1.0,0.0,0
6b,Poker Face,Top Alanı,Top Alanı,12,1.0,0.17,3
6b,Poker yüzlü,Top Alanı,Top Alanı,2,1.0,0.0,0
7b,Pour some sugar on me,Top Alanı sağ,Top Alanı,3,1.0,0.33,4
7a+,Tenere,Top Alanı,Top Alanı,15,0.53,0.2,4
8a,Whiplash,Top Alanı sağ,Top Alanı,7,0.14,0.14,4
6b,code for ethics,Top Alanı,Top Alanı,34,0.77,0.23,4
5c,Çingene pilici,Top Alanı,Top Alanı,11,1.0,0.09,5
7b,Ölü Yatırım,Top Alanı sağ,Top Alanı,6,0.17,0.0,2
6a+,İki Soğuk Biram Var Abi,Top Alanı,Top Alanı,16,0.88,0.06,4
6a+,İncinmişsin,Top Alanı,Top Alanı,19,0.74,0.21,4
7b+,Şeytan Tüyü,Top Alanı,Top Alanı,8,0.25,0.13,3
6a,60 is the 30,Trebenna east,Trebenna West,27,0.89,0.11,2
7c,Akumulator,Trebenna West,Trebenna West,10,0.1,0.0,4
6c,Akıntıya Karşı Yüzmek,Trebenna West,Trebenna West,1,0.0,0.0,0
5c,An.Ni.Ka.,Trebenna east,Trebenna West,2,0.5,0.5,1
7c,Anaconda,Trebenna West,Trebenna West,117,0.33,0.17,4
6b,Aquaduct,Trebenna West,Trebenna West,286,0.76,0.07,3
6b+,Aquaduct 1SL,Trebenna,Trebenna West,3,0.33,0.0,0
7b+,Aquaduct l2,Trebenna,Trebenna West,9,0.33,0.11,3
8c,Aquaduct l2,Trebenna West,Trebenna West,3,0.0,0.67,4
6b,Aquaplan,Trebena West,Trebenna West,1,1.0,0.0,0
6b+,Aquaplan,Trebenna West,Trebenna West,297,0.75,0.08,3
8a,Aquaplan,Trebenna West,Trebenna West,1,1.0,0.0,0
6b+,Arkadan,Trebenna West,Trebenna West,297,0.87,0.09,3
6a+,Avec Vue Sur La Mer,Trebenna West,Trebenna West,33,0.85,0.12,3
7c,Be yourself,Trebenna West,Trebenna West,144,0.45,0.13,4
8a+,Berkin Anisina,Trebenna West,Trebenna West,2,0.0,0.0,4
7a+,Bermuda Dreieck Extension,Trebenna east,Trebenna West,5,0.6,0.0,2
6b+,Bermuda Preieck,Trebenna east,Trebenna West,8,0.88,0.0,2
7a,Bermuda Preieck,Trebenna east,Trebenna West,6,0.5,0.5,4
7a+,Bermuda Preieck,Trebenna east,Trebenna West,34,0.56,0.03,3
6b+,Bermuda pereieck (1p),Trebenna east,Trebenna West,2,0.5,0.5,4
6b+,Biscolatta,Trebenna east,Trebenna West,8,0.75,0.25,4
7a,Bizim Canimiz Yanmaz Gardas,Trebenna West,Trebenna West,183,0.78,0.07,3
7a,Bizim Canmiz,Trebenna West,Trebenna West,1,1.0,0.0,0
7c,Black Sabbath,Trebenna West,Trebenna West,80,0.26,0.14,3
7c,Black elephant,Trebenna east,Trebenna West,34,0.41,0.03,3
6a,Bolder Boyz,Trebenna east,Trebenna West,6,1.0,0.0,3
8a+,Boncuk power,Trebenna West,Trebenna West,30,0.1,0.03,3
6a,Bone bridge,Trebenna West,Trebenna West,88,0.84,0.13,3
6a+,Choreographie violente,Trebenna West,Trebenna West,103,0.85,0.06,2
6a,Conglomarist,Trebenna east,Trebenna West,3,1.0,0.0,4
6a+,Crack Pipe,Trebenna east,Trebenna West,22,0.96,0.09,4
6c+,Dance with the goats,Trebenna east,Trebenna West,25,0.96,0.16,3
8c,Devers Royale,Trebenna West,Trebenna West,12,0.08,0.25,3
7b,Diplomarbeit,Trebenna West,Trebenna West,519,0.3,0.17,4
5a,Dirty route,Trebenna new,Trebenna West,2,1.0,0.0,0
6c+,Don't eat my house,Trebenna West,Trebenna West,119,0.77,0.09,3
7b+,Duracell,Trebenna West,Trebenna West,117,0.56,0.12,4
8a,Dynamic Dynamite,Trebenna West,Trebenna West,11,0.0,0.0,2
6c,East End,Trebenna east,Trebenna West,36,0.78,0.23,4
6c+,Eclipse,Trebenna West,Trebenna West,246,0.74,0.1,3
7b,Eclipse,Trebenna West,Trebenna West,1,1.0,0.0,0
6a+,Eclipse 1p,Trebenna West,Trebenna West,24,0.92,0.08,3
7b+,El Culto A La Vida,Trebenna West,Trebenna West,14,0.29,0.07,2
7a,Eneco's last dance,Trebenna West,Trebenna West,92,0.55,0.09,4
7c,Escape to paradise,Trebenna West,Trebenna West,14,0.21,0.0,3
6b+,Fight the butcher,Trebenna West,Trebenna West,219,0.74,0.05,2
7a,Fight the butcher,Trebenna West,Trebenna West,348,0.7,0.08,3
7c+,Fixed draws,Trebenna,Trebenna West,1,1.0,0.0,0
8a,Flame of Fame,Trebenna West,Trebenna West,100,0.07,0.04,3
5c,Flower Tower,Trebenna West,Trebenna West,155,0.87,0.1,3
7a+,Flower Tower,Trebenna West,Trebenna West,99,0.71,0.03,3
7a,Freedom is a Battle,Trebenna West,Trebenna West,781,0.66,0.1,3
8a+,Freedom is a Battle,Trebenna West,Trebenna West,109,0.13,0.12,4
7b,Gathering,Trebenna,Trebenna West,1,1.0,0.0,0
7b+,Gathering,Trebena West,Trebenna West,12,0.67,0.17,3
8a,Go Milk a Cambodian,Trebenna,Trebenna West,1,0.0,0.0,0
7c+,Goikalde berrikoa,Trebenna West,Trebenna West,1,0.0,0.0,5
6b+,Grashüpper,Trebenna West,Trebenna West,16,0.81,0.07,3
7a,Grashüpper,Trebenna West,Trebenna West,2,0.5,0.0,0
7b,Greek Gift,Trebenna West,Trebenna West,433,0.49,0.15,4
7a+,Gretel,Trebena West,Trebenna West,1,1.0,1.0,5
7b+,Gretel,Trebenna West,Trebenna West,95,0.34,0.05,3
6b,Hansel,Trebenna West,Trebenna West,102,0.7,0.03,3
8b,Happy End,Trebenna West,Trebenna West,25,0.04,0.04,4
6b+,Happy Hilty,Trebenna West,Trebenna West,189,0.67,0.04,2
7c+,Horny Horse Extension,Trebenna West,Trebenna West,3,0.0,0.0,4
8a+,Hydrofusion,Trebenna West,Trebenna West,36,0.08,0.14,3
7b+,Ihlamur,Trebenna east,Trebenna West,30,0.37,0.3,4
5c,Ihlamur (1p),Trebenna east,Trebenna West,5,1.0,0.2,4
8a+,Ikarus,Trebenna West,Trebenna West,162,0.1,0.06,3
7b+,Insider,Trebenna West,Trebenna West,9,0.0,0.22,4
6c+,Into the wild,Trebenna West,Trebenna West,148,0.6,0.1,3
7c,Into the wild,Trebenna West,Trebenna West,99,0.47,0.06,3
7c+,Into the wild extension,Trebenna West,Trebenna West,2,0.5,0.0,5
7a,Jimnastik,Trebenna,Trebenna West,1,0.0,0.0,3
7b,Judas,Trebenna West,Trebenna West,80,0.54,0.1,3
7b,Kalhi cat,Trebenna east,Trebenna West,31,0.52,0.2,4
6a+,Kalhi cat (1p),Trebenna east,Trebenna West,7,0.71,0.14,3
7b+,Kap Horn,Trebenna east,Trebenna West,48,0.42,0.25,4
7c,Kap Horn,Trebenna,Trebenna West,14,0.43,0.0,4
6b,Kathi Cat (frist pitch),Trebenna east,Trebenna West,4,0.75,0.0,3
8b,King Connection,Trebenna West,Trebenna West,12,0.17,0.08,3
7c+,Korona,Trebenna West,Trebenna West,20,0.45,0.05,3
7b+,La vie en rose,Trebenna West,Trebenna West,135,0.56,0.1,4
6c,Latte Tsunami,Trebenna West,Trebenna West,455,0.72,0.07,3
6a,Left to Biscolatta,Trebenna east,Trebenna West,2,1.0,0.5,5
6c+,Left to the Sucker Punched,Trebenna West,Trebenna West,4,0.75,0.0,3
7c+,Leon,Trebenna West,Trebenna West,100,0.12,0.05,3
7a+,Life is what you choose,Trebenna West,Trebenna West,253,0.46,0.16,3
5b,Lila launabar,Trebenna West,Trebenna West,39,0.85,0.08,3
8b,Losing My Religion,Trebenna West,Trebenna West,49,0.0,0.16,4
5c,Lycian Alpinist,Trebenna West 4,Trebenna West,44,0.73,0.07,3
6b+,Lycian Alpinist,Trebenna West,Trebenna West,252,0.81,0.07,3
7a+,Lycian Alpinist,Trebenna West Orta,Trebenna West,3,0.67,0.33,3
5c,Lycian Highway,Trebenna West,Trebenna West,4,0.75,0.25,0
6a,Lycian Highway,Trebenna West 4,Trebenna West,93,0.85,0.25,4
7b,Lycian Highway,Trebenna West,Trebenna West,653,0.7,0.13,4
6a,Lycian Highway - 1st Pitch,Trebenna West,Trebenna West,23,0.96,0.17,4
6a+,Maja,Trebenna West,Trebenna West,301,0.79,0.04,3
7b+,Maja extension,Trebenna West,Trebenna West,5,0.2,0.0,3
7b,Matbaim,Trebenna West,Trebenna West,187,0.88,0.12,3
7b+,N.N. (7b+/7c),Trebenna West,Trebenna West,1,0.0,0.0,5
7b,N.N. (Some roof with jamming at top),Trebenna West,Trebenna West,1,1.0,0.0,3
7a,N.N. (house),Trebenna West,Trebenna West,1,1.0,0.0,5
7a,N.N. (new 06-06-08),Trebenna,Trebenna West,1,1.0,0.0,3
6b+,N.N. (right from Eclipse),Trebenna West,Trebenna West,1,1.0,0.0,0
7b+,N.N. 18,Trebenna West left,Trebenna West,1,1.0,1.0,0
7c,Nasenbar,Trebenna West,Trebenna West,147,0.4,0.2,4
7a+,New route right of Sucker Punched,Trebenna West,Trebenna West,2,0.5,0.0,3
7a,NewLongOne,Trebenna east,Trebenna West,1,1.0,0.0,5
5a,Nightscapes,Trebenna West,Trebenna West,33,0.88,0.13,4
7c,No Money no dance,Trebenna West,Trebenna West,461,0.56,0.13,4
7a,No heroes,Trebenna West,Trebenna West,6,0.67,0.17,5
6c+,No woman no cry,Trebenna West,Trebenna West,38,0.79,0.21,3
5c,Nord Passat,Trebenna east,Trebenna West,7,0.71,0.43,4
7a,Ny tur,Trebenna West,Trebenna West,1,1.0,0.0,1
5c,Oh la la,Trebenna West,Trebenna West,89,0.91,0.06,2
7b+,Orient Express,Trebenna West,Trebenna West,207,0.54,0.15,4
8a,Orient Express Extension,Trebenna West,Trebenna West,3,0.0,0.33,4
7c,Out of control,Trebenna West,Trebenna West,56,0.25,0.14,3
5c,Phallus diaboli,Trebenna West,Trebenna West,164,0.74,0.04,3
7c+,Phallus diaboli,Trebenna west 3,Trebenna West,6,0.17,0.17,4
7a+,Pharao's curse,Trebenna West,Trebenna West,2,0.5,0.5,3
7b,Pharao's curse,Trebenna east,Trebenna West,13,0.39,0.15,3
6a,Pink Panther,Trebenna West,Trebenna West,84,0.73,0.1,3
7b,Pink power,Trebenna West,Trebenna West,201,0.66,0.11,3
8a,Predators,Trebenna east,Trebenna West,15,0.07,0.13,4
5c,Predators (1p),Trebenna east,Trebenna West,4,1.0,0.25,4
6c,Problem Yok,Trebenna,Trebenna West,6,0.33,0.0,2
7c,Problem Yok,Unknown Sector,Trebenna West,2,0.5,0.0,4
8b,Professur,Trebenna West,Trebenna West,12,0.0,0.0,3
7c+,Pumping on big Mother's Breasts,Trebenna West,Trebenna West,195,0.12,0.14,4
7c+,Raki on the rocks,Trebenna West,Trebenna West,76,0.17,0.13,4
4a,Raki on the rocks (1p),Trebenna West,Trebenna West,5,0.8,0.2,4
5a,Ranger travel,Trebenna,Trebenna West,13,1.0,0.07,4
6a+,Ranger travel,Trebenna West,Trebenna West,82,0.82,0.01,2
6c+,Ranger travel,Trebenna West Orta,Trebenna West,25,0.64,0.12,3
7b,Rattle Snake Saloon,Trebenna West,Trebenna West,519,0.42,0.1,3
6b,Red Tank,Trebenna,Trebenna West,20,0.8,0.15,3
7a+,Red Tank,Trebenna east,Trebenna West,32,0.62,0.03,3
8a,Richtfest,Trebenna West,Trebenna West,169,0.21,0.13,4
8b,Rock Palace,Trebenna West,Trebenna West,14,0.21,0.21,4
6b,Rocket Pie,Trebenna east,Trebenna West,27,0.93,0.11,3
7b+,Rodeo on black,Trebenna West,Trebenna West,51,0.45,0.08,3
7b+,S - class,Trebenna,Trebenna West,1,1.0,0.0,0
7b+,S-Klasse,Trebenna West,Trebenna West,68,0.44,0.09,4
7c,S-Klasse,Trabenna,Trebenna West,1,0.0,0.0,5
7a,Sakiznine,Trebenna West,Trebenna West,183,0.76,0.09,3
8b+,Sarpedon,Trebenna West,Trebenna West,27,0.0,0.11,4
7a+,Save planet kill yourself,Trebenna West,Trebenna West,248,0.71,0.08,3
7a+,Save the planet,Trebenna West,Trebenna West,9,0.78,0.11,3
6a+,Save the planet kill yourself,Trebenna West,Trebenna West,75,0.85,0.11,3
7a+,Save the planet kill yourself,Trebenna,Trebenna West,21,0.76,0.09,4
5b,Second Live,Trebenna West,Trebenna West,36,0.83,0.06,3
6c+,Second Live,Trebenna West,Trebenna West,27,0.63,0.0,3
7c+,Sheep in sheeps clothing,Trebenna West,Trebenna West,44,0.21,0.07,4
6a,Star line,Trebenna West,Trebenna West,101,0.84,0.15,4
6c+,Starten på Anaconda,Trebenna West,Trebenna West,1,0.0,0.0,3
7a,Sucker Punched,Trebenna West,Trebenna West,482,0.55,0.07,3
7c+,Sucker Punched,Trebenna West,Trebenna West,42,0.19,0.02,3
7b+,Sword of trebenna,Trebenna West,Trebenna West,10,0.5,0.0,3
6c+,T.H.C.,Trebenna east,Trebenna West,29,0.45,0.14,3
6c+,TAC,Trebenna,Trebenna West,1,1.0,0.0,0
7c,Tanya,Trebenna,Trebenna West,1,1.0,0.0,0
7c,Tele Tabbia Tanja,Trebenna West,Trebenna West,170,0.49,0.06,3
7a,Terazi lastik jimnastik,Trebenna West,Trebenna West,503,0.66,0.12,3
7b+,Terazi lastik jimnastik (2. l),Trebenna West,Trebenna West,1,0.0,0.0,5
7c,The Gathering,Trebenna,Trebenna West,1,0.0,0.0,0
6c,Tozen,Trebena,Trebenna West,1,0.0,0.0,0
6c+,Trebenna,Trebenna West,Trebenna West,189,0.66,0.13,4
8b+,Trebenna,Trebenna West,Trebenna West,3,0.0,0.0,3
5b,Triologie,Trebenna West,Trebenna West,23,0.91,0.04,4
6a,Triologie,Trebenna West 4,Trebenna West,3,0.67,0.33,0
6b+,Triologie,Trebenna West,Trebenna West,283,0.84,0.05,3
7a,Triologie,Trebene,Trebenna West,53,0.76,0.13,3
8a+,Troja,Trebenna West,Trebenna West,47,0.17,0.04,3
6c,Tuzdede,Trebenna West,Trebenna West,130,0.71,0.08,3
6c+,Waiting for Holidays - extension,Trebenna West 2,Trebenna West,34,0.85,0.09,3
6b,Waiting for holidays,Trebenna West,Trebenna West,243,0.87,0.05,3
6b+,Waiting for holidays,Trebena,Trebenna West,3,1.0,0.0,0
5c,Westend,Trebenna West,Trebenna West,31,0.87,0.13,3
6b+,Westend,Trebenna West Extension,Trebenna West,23,0.66,0.17,4
7c+,White elephant,Trebenna east,Trebenna West,12,0.17,0.0,4
6b+,Who are you,Trebenna east,Trebenna West,24,0.79,0.16,2
7a,Willy Wancker,Trebenna east,Trebenna West,64,0.79,0.03,3
7c,Yin Yang,Trebenna West,Trebenna West,352,0.44,0.17,4
6b,Yüzüncü Trebenna,Trebenna West,Trebenna West,83,0.86,0.12,3
7c+,balcon,Trebenna West,Trebenna West,1,0.0,0.0,0
6b,fight buhcer,trebenna middle,Trebenna West,1,1.0,0.0,0
7b+,horny horse,Trebenna West,Trebenna West,34,0.21,0.15,3
6b+,newone wit 7a+ext,Trebenna east,Trebenna West,1,1.0,0.0,3
6a,outsider,Trebenna West,Trebenna West,22,0.96,0.09,2
6b,voie de droite,Trebenna,Trebenna West,4,0.75,0.0,0
7a,yeni rota,trabenna new,Trebenna West,1,1.0,0.0,0
7b,Soldan 12.,Trebenna/Patagonya,Trebenna/Patagonya,1,0.0,0.0,0
7b+,Soldan 12.,Trebenna/Patagonya,Trebenna/Patagonya,1,0.0,0.0,0
6b+,Adka Özlem,Turkish Standard,Turkish Standard,190,0.88,0.09,3
7b+,Cady Cane,Turkish Standard,Turkish Standard,13,0.46,0.08,4
6b+,Camelita,Turkish Standard,Turkish Standard,2,0.5,0.0,5
6c,Easy day,Turkish Standard,Turkish Standard,188,0.72,0.12,3
5a,Firtina,Turkish Standard,Turkish Standard,96,0.94,0.03,3
6b+,Gangster braut,Turkish Standard,Turkish Standard,148,0.67,0.08,3
7a+,Gossip,Turkish Standard,Turkish Standard,72,0.38,0.01,3
7b,Hunting Love,Turkish Standard,Turkish Standard,19,0.47,0.0,3
6a,In the Night,Turkish Standard,Turkish Standard,258,0.91,0.05,3
6c+,Inquisition,Turkish Standard,Turkish Standard,299,0.61,0.11,3
6a+,Julia & Romeo,Turkish Standard,Turkish Standard,247,0.82,0.05,3
7b,Julia & Romeo,Turkish Standard,Turkish Standard,12,0.33,0.0,2
6a+,Julia+Romeo,Turkish Standard,Turkish Standard,1,1.0,0.0,0
5b,Little Miss Sunshine,Turkish Standard,Turkish Standard,5,1.0,0.0,2
5b,Lo la,Turkish Standard,Turkish Standard,1,1.0,0.0,0
5a,Meltim,Turkish Standard,Turkish Standard,65,0.91,0.06,4
6c+,Mission to Mars,Turkish Standard,Turkish Standard,421,0.7,0.11,3
7b+,Mission to Mars L2,Turkish Standard,Turkish Standard,64,0.44,0.02,3
7a+,Monkey Mafia,Turkish Standard,Turkish Standard,160,0.34,0.07,3
6a+,Pathfinder,Turkish Standard,Turkish Standard,288,0.87,0.05,2
7b,Pathfinder,Turkish Standard,Turkish Standard,159,0.33,0.04,3
5c,Piano hands,Turkish Standard,Turkish Standard,157,0.85,0.05,3
7b,Pipis & Popos,Turkish Standard,Turkish Standard,104,0.32,0.1,3
6a+,Revolverheld,Turkish Standard,Turkish Standard,225,0.84,0.05,3
6c+,SBP,Turkish Standard,Turkish Standard,105,0.67,0.05,3
6c+,Siri birthday project,Turkish Standard,Turkish Standard,129,0.65,0.2,4
8a+,Star Wars,Türkisch Standart,Turkish Standard,11,0.0,0.36,4
7a,Sun express,Turkish Standard,Turkish Standard,378,0.68,0.17,4
6b+,Time Out,Turkish Standard,Turkish Standard,2,0.5,0.0,3
6b+,Turkish standard,Turkish Standard,Turkish Standard,430,0.74,0.16,4
7a,Zapfenstreich,Turkish Standard,Turkish Standard,122,0.35,0.06,3
7b,pipis and popos,Turkish Standard,Turkish Standard,1,1.0,0.0,0
5b,Blasehase,Yenicay,Yenicay,16,0.88,0.0,1
6a+,Blaupause,Yenicay,Yenicay,32,0.88,0.0,2
6b+,Bolder technical,Yenicay,Yenicay,2,0.5,0.0,0
7b+,Climbing Lovers,Yenicay,Yenicay,2,0.0,0.0,0
7a,Dustu Dusecek,Yenicay,Yenicay,9,0.33,0.11,1
7b+,Dü?tü Dü?ecek,Yenicay,Yenicay,6,0.67,0.0,1
4a,Harter Starter,Yenicay,Yenicay,12,1.0,0.0,0
5c,Harter Starter,Yenicay,Yenicay,17,0.94,0.0,2
6c,Morgenstund hat gold im mund,Yenicay,Yenicay,16,0.63,0.0,1
7a+,N.N. 4,Yeni Kanyon,Yenicay,1,0.0,0.0,5
5b,The sunnyside of chipsylife,Yenicay,Yenicay,17,0.94,0.0,1
7a+,Ach War Ich Doch...,Yilan,Yilan,31,0.55,0.07,3
7a,Camelita,Yilan,Yilan,369,0.59,0.08,3
7a+,Dropzone,Yilan,Yilan,151,0.54,0.05,3
6b,Döngel Müzikhol,Yilan,Yilan,77,0.9,0.08,3
6b,El Nino,Yilan,Yilan,68,0.93,0.13,3
7c,First Klaas,Yilan,Yilan,88,0.29,0.16,4
6b+,Hadi Predel,Yilan,Yilan,81,0.86,0.1,4
7a,Hortum,Yilan,Yilan,217,0.46,0.12,3
7a+,Kan Izi,Yilan,Yilan,46,0.37,0.02,3
6b,Kolay Gelsin,Yilan,Yilan,53,0.88,0.08,3
6b+,Lucky Punch,Yilan,Yilan,159,0.8,0.08,3
6b,Mr. What What,Yilan,Yilan,44,0.82,0.1,3
7b,Showdown,Yilan,Yilan,73,0.14,0.06,3
6a+,Yilan,Yilan,Yilan,181,0.88,0.06,3
6b,Ay,Zeytinlik,Zeytinlik,2,1.0,0.0,0
6a,Ekmek,Zeytinlik,Zeytinlik,1,1.0,0.0,3
6a,Kardes,Zeytinlik,Zeytinlik,1,0.0,1.0,5
6a,Taciz,Zeytinlik,Zeytinlik,1,0.0,1.0,5
6a+,VIIIa,Zeytinlik,Zeytinlik,1,1.0,0.0,0
4c,Zeytin,Zeytinlik,Zeytinlik,2,1.0,0.0,4
6a,Nulle part ailleurs,de que fas aqui?,de que fas aqui?,1,1.0,1.0,5
4a,derin çatlak 2,derin çatlak,derin çatlak,1,1.0,0.0,0
4a,diagonal,derin çatlak,derin çatlak,1,1.0,0.0,0
8c,Electronic Athletes,eches right,eches right,3,0.0,0.0,5
8a+,Respect,Echoes Rıght,eches right,2,0.0,0.0,5
7b+,KP,güsel,güsel,2,0.5,0.0,5
7c,Beatz & Pieces,kaplumbağa,kaplumbağa,2,0.0,0.0,5
7c,Boriinator,kaplumbağa,kaplumbağa,4,0.0,0.25,5
6c+,Turkey Love,kaplumbağa,kaplumbağa,2,0.0,0.5,4
7c+,Angel on the line,laboratuvar,laboratuvar,3,0.0,0.33,4
8c,Forgotten Knight,laboratuvar,laboratuvar,5,0.0,0.4,3
6b+,Hero,laboratuvar,laboratuvar,15,0.6,0.2,3
7a,Jazz Bass,laboratuvar,laboratuvar,23,0.57,0.04,3
8b,Moruk,Laboratuar,laboratuvar,24,0.04,0.13,4
6c,Rock superstar,laboratuvar,laboratuvar,19,0.47,0.05,3
6b,Unicycle,laboratuvar,laboratuvar,1,0.0,0.0,5
6c,hmmm1,new,new,1,1.0,0.0,0
6c+,hmmm1,new,new,1,1.0,0.0,0
7a,hmmm1,new,new,1,0.0,0.0,0
7b,hmmm1,new,new,1,0.0,0.0,0
8a+,rido 20,okuzini cave,okuzini cave,3,0.0,0.67,3
